University Name,QS Rank,THE Rank,ARWU Rank,Mean Rank,Median Rank,Source Count
Massachusetts Institute of Technology (MIT) ,1,3,3,2.33,3,3
Harvard University,4,4,1,3,4,3
Stanford University,6,2,2,3.33,2,3
University of Oxford,3,1,6,3.33,3,3
University of Cambridge,5,5,4,4.67,5,3
ETH Zurich - Swiss Federal Institute of Technology,7,,,7,7,1
California Institute of Technology (Caltech),10,7,9,8.67,9,3
"University of California, Berkeley (UCB)",12,9,5,8.67,9,3
Princeton University,22,6,7,11.67,7,3
Imperial College London,2,8,26,12,8,3
Paris-Saclay University,,,13,13,13,1
The University of Chicago,,13,,13,13,1
University College London,,,14,14,14,1
University of Pennsylvania,11,16,15,14,15,3
Yale University,23,10,11,14.67,11,3
UCL,9,22,,15.5,15.5,2
University of Chicago,21,,10,15.5,15.5,2
Cornell University,16,20,12,16,16,3
ETH Zurich,,11,22,16.5,16.5,2
Tsinghua University,20,12,18,16.67,18,3
Peking University,14,14,23,17,14,3
Columbia University,34,17,8,19.67,17,3
"University of California, San Francisco",,,21,21,21,1
Johns Hopkins University,32,15,19,22,19,3
"Nanyang Technological University, Singapore (NTU)",15,32,,23.5,23.5,2
University of Toronto,25,21,25,23.67,25,3
Université PSL,24,,,24,24,1
"University of California, Los Angeles (UCLA)",42,18,16,25.33,18,3
The University of Melbourne,13,,38,25.5,25.5,2
EPFL,26,,,26,26,1
National University of Singapore (NUS),8,19,56,27.67,19,3
Rockefeller University,,,29,29,29,1
University of Edinburgh,,30,,30,30,1
The University of Tokyo,32,29,32,31,32,3
The University of Edinburgh,27,,37,32,32.0,2
New York University (NYU),43,27,28,32.67,28,3
École Polytechnique Fédérale de Lausanne,,33,,33,33,1
University of Michigan-Ann Arbor,44,23,33,33.33,33,3
PSL University,,,34,34,34,1
Technical University of Munich,28,30,45,34.33,30,3
University of Hong Kong,,35,,35,35,1
Northwestern University,50,28,31,36.33,31,3
University of Melbourne,,37,,37,37,1
LMU Munich,,38,,38,38,1
The University of Sydney,18,60,,39,39.0,2
University of Washington,76,25,17,39.33,25,3
Shanghai Jiao Tong University,45,43,30,39.33,43,3
Paris Sciences et Lettres – PSL Research University Paris,,40,,40,40,1
The University of Manchester,34,,47,40.5,40.5,2
Fudan University,39,44,41,41.33,41,3
"University of California, San Diego (UCSD)",72,34,20,42,34,3
Zhejiang University,47,55,24,42,47,3
The University of Hong Kong,17,,67,42,42.0,2
University of Munich,,,42,42,42,1
Swiss Federal Institute of Technology Lausanne,,,44,44,44,1
University of British Columbia,38,41,53,44,41,3
Duke University,61,26,46,44.33,46,3
London School of Economics and Political Science,,46,,46,46,1
King's College London,40,38,61,46.33,40,3
Universität Heidelberg,,47,,47,47,1
The University of Texas at Austin,,,49,49,49,1
The University of New South Wales (UNSW Sydney),19,,80,49.5,49.5,2
Karolinska Institute,,50,50,50,50.0,2
Kyoto University,50,55,47,50.67,50,3
Heidelberg University,,,51,51,51,1
University of Manchester,,51,,51,51,1
McGill University,29,49,76,51.33,49,3
Chinese University of Hong Kong,,53,,53,53,1
KAIST - Korea Advanced Institute of Science & Technology,53,,,53,53,1
"University of Illinois Urbana, Champaign",,,54,54,54,1
University of North Carolina at Chapel Hill,,72,39,55.5,55.5,2
University of Illinois at Urbana-Champaign,69,42,,55.5,55.5,2
Monash University,37,54,78,56.33,54,3
University of Texas Southwestern Medical Center,,,58,58,58,1
Seoul National University,31,62,82,58.33,62,3
The University of Queensland,40,70,66,58.67,66,3
University of Texas at Austin,66,52,,59,59.0,2
Ludwig-Maximilians-Universität München,59,,,59,59,1
Universiti Malaya (UM),60,,,60,60,1
Sorbonne University,63,75,43,60.33,63,3
KU Leuven,63,45,76,61.33,63,3
Université Paris-Saclay,73,58,,65.5,65.5,2
Carnegie Mellon University,58,24,117,66.33,58,3
The Australian National University,30,,104,67,67.0,2
Australian National University,,67,,67,67,1
Universidad de Buenos Aires (UBA),71,,,71,71,1
Weizmann Institute of Science,,,71,71,71,1
University of Wisconsin-Madison,116,63,36,71.67,63,3
University of Sydney,,,72,72,72,1
University of Science and Technology of China,133,57,40,76.67,57,3
University of Bristol,54,81,98,77.67,81,3
The Chinese University of Hong Kong (CUHK),36,,121,78.5,78.5,2
University of Copenhagen,100,103,35,79.33,100,3
University of Bonn,,91,69,80,80.0,2
City University of Hong Kong,62,82,99,81,82,3
Utrecht University,105,,57,81,81.0,2
University of Amsterdam,55,61,132,82.67,61,3
"Ohio State University, Columbus",,,83,83,83,1
Ruprecht-Karls-Universität Heidelberg,84,,,84,84,1
UNSW Sydney,,84,,84,84,1
University of Zurich,109,80,64,84.33,80,3
University of Minnesota,,85,,85,85,1
Brown University,79,64,112,85,79,3
The University of Texas MD Anderson Cancer Center,,,86,86,86,1
Humboldt University of Berlin,,87,,87,87,1
Hong Kong Polytechnic University,,87,,87,87,1
"Trinity College Dublin, The University of Dublin",87,,,87,87,1
Purdue University,89,,,89,89,1
Pennsylvania State University,89,,,89,89,1
University of Southern California,125,74,68,89,74,3
Nanyang Technological University,,,90,90,90,1
Washington University in St. Louis,176,68,27,90.33,68,3
Universidade de São Paulo,92,,,92,92,1
Pontificia Universidad Católica de Chile (UC),93,,,93,93,1
Universidad Nacional Autónoma de México (UNAM),94,,,94,94,1
Charité - Universitätsmedizin Berlin,,94,,94,94,1
Lomonosov Moscow State University,94,95,,94.5,94.5,2
The University of Warwick,69,,120,94.5,94.5,2
University of Tübingen,,95,,95,95,1
Delft University of Technology,49,48,191,96,49,3
Lund University,75,106,108,96.33,106,3
Purdue University West Lafayette,,86,107,96.5,96.5,2
Freie Universitaet Berlin,97,,,97,97,1
Nanjing University,145,73,75,97.67,75,3
Ohio State University (Main campus),,99,,99,99,1
King Fahd University of Petroleum & Minerals,101,,,101,101,1
Boston University,108,78,118,101.33,108,3
University of Glasgow,78,87,140,101.67,87,3
"KIT, Karlsruhe Institute of Technology",102,,,102,102,1
Free University of Berlin,,102,,102,102,1
University of Alberta,96,109,103,102.67,103,3
Yonsei University,56,76,176,102.67,76,3
University of Groningen,159,79,74,104,79,3
The Hong Kong Polytechnic University,57,,152,104.5,104.5,2
University of Sheffield,,105,,105,105,1
"University of California, Santa Barbara (UCSB)",178,69,70,105.67,70,3
University of Warwick,,106,,106,106,1
"University of California, Davis",130,59,137,108.67,130,3
University of Oslo,119,127,84,110,119,3
Georgia Institute of Technology,114,36,182,110.67,114,3
Leiden University,141,77,114,110.67,114,3
University of Helsinki,117,121,94,110.67,117,3
Politecnico di Milano,111,,,111,111,1
University of Adelaide,,111,,111,111,1
Uppsala University,103,140,93,112,103,3
Aarhus University,144,109,85,112.67,109,3
Institut Polytechnique de Paris,46,71,223,113.33,71,3
University of Birmingham,80,101,160,113.67,101,3
The University of Western Australia,77,143,126,115.33,126,3
The Hong Kong University of Science and Technology,47,64,235,115.33,64,3
University of Basel,131,123,94,116,123,3
The University of Adelaide,82,,153,117.5,117.5,2
Erasmus University Rotterdam ,158,99,101,119.33,101,3
University of Nottingham,108,130,124,120.67,124,3
University of Freiburg,,128,115,121.5,121.5,2
"Pennsylvania State University, University Park",,,122,122,122,1
Penn State (Main campus),,122,,122,122,1
Icahn School of Medicine at Mount Sinai,,,123,123,123,1
University of Massachusetts,,123,,123,123,1
University of Southampton,80,97,193,123.33,97,3
University of Vienna,137,119,118,124.67,119,3
Ghent University,169,115,91,125,115,3
Humboldt-Universität zu Berlin,126,,,126,126,1
Moscow State University,,,127,127,127,1
Wageningen University & Research,155,64,163,127.33,155,3
University of Minnesota Twin Cities,203,,52,127.5,127.5,2
Rice University,141,119,125,128.33,125,3
"University of Maryland, College Park",218,114,55,129,114,3
McMaster University,176,103,113,130.67,113,3
RWTH Aachen University,99,90,205,131.33,99,3
University of Geneva,155,183,58,132,155,3
"Mayo Clinic College of Medicine and Science, Minnesota",,,133,133,133,1
Alma Mater Studiorum - University of Bologna,133,,,133,133,1
University of Leeds,82,129,189,133.33,129,3
Vanderbilt University,248,92,62,134,92,3
KTH Royal Institute of Technology ,74,97,234,135,97,3
Technical University of Denmark,109,126,170,135,126,3
Radboud University Nijmegen,,140,130,135,135.0,2
The University of Sheffield,105,,166,135.5,135.5,2
University of Strasbourg,,,136,136,136,1
Tokyo Institute of Technology (Tokyo Tech),84,191,,137.5,137.5,2
Stockholm University,128,185,100,137.67,128,3
Universiti Kebangsaan Malaysia (UKM),138,,,138,138,1
Institute of Science Tokyo,,,139,139,139,1
Universidad de Chile,139,,,139,139,1
Université libre de Bruxelles (ULB),,,141,141,141,1
Nagoya University,152,,130,141,141.0,2
University of Montreal,,111,171,141,141.0,2
Korea University,67,,217,142,142.0,2
University of Bern,161,116,156,144.33,156,3
The London School of Economics and Political Science (LSE),50,,239,144.5,144.5,2
University of Pittsburgh-Pittsburgh campus,,145,,145,145,1
Universiti Sains Malaysia (USM),146,,,146,146,1
Wuhan University,194,164,81,146.33,164,3
Emory University,196,106,138,146.67,138,3
University of Sao Paulo,,,147,147,147,1
Technische Universität Berlin (TU Berlin),147,,,147,147,1
Universiti Putra Malaysia (UPM),148,,,148,148,1
University of Auckland,,150,,150,150,1
Sungkyunkwan University(SKKU),123,145,185,151,145,3
Michigan State University,152,116,186,151.33,152,3
University of Waterloo,115,158,183,152,158,3
Sapienza University of Rome,132,181,144,152.33,144,3
The University of Auckland,65,,240,152.5,152.5,2
"Rutgers, The State University of New Jersey - New Brunswick",,,153,153,153,1
Tohoku University,107,130,226,154.33,130,3
"University of North Carolina, Chapel Hill",155,,,155,155,1
Queen Mary University of London,120,135,214,156.33,135,3
National Taiwan University (NTU),68,152,253,157.67,152,3
King Saud University,200,,116,158,158.0,2
Texas A&M University,154,118,203,158.33,154,3
University of Goettingen,,,159,159,159,1
Université de Montréal ,159,,,159,159,1
University of Liverpool,165,168,145,159.33,165,3
"University of California, Irvine",307,92,79,159.33,92,3
University of Technology Sydney,88,148,245,160.33,148,3
Osaka University,86,175,222,161,175,3
TU Dresden,,161,,161,161,1
Al-Farabi Kazakh National University,163,,,163,163,1
University of Tuebingen,,,165,165,165,1
Universitat de Barcelona,165,,,165,165,1
University of Arizona,,155,181,168,168.0,2
Scuola Normale Superiore di Pisa,,168,,168,168,1
University of Florida,215,132,158,168.33,158,3
The University of Exeter,169,,,169,169,1
Université Paris Cité,302,152,60,171.33,152,3
University of Exeter,,177,166,171.5,171.5,2
University of Gothenburg,194,,149,171.5,171.5,2
University of Lausanne,224,143,148,171.67,148,3
University of Reading,172,,,172,172,1
Goethe University Frankfurt,,,172,172,172,1
University of Barcelona,,152,195,173.5,173.5,2
University of Colorado Boulder,320,138,63,173.67,138,3
Tongji University,192,185,146,174.33,185,3
University of Würzburg,,175,,175,175,1
Universitat Autònoma de Barcelona,175,,,175,175,1
Harbin Institute of Technology,252,168,106,175.33,168,3
Trinity College Dublin,,134,218,176,176.0,2
Korea Advanced Institute of Science and Technology (KAIST),,83,269,176,176.0,2
Huazhong University of Science and Technology,300,158,73,177,158,3
NTNU - Norwegian University of Science and Technology,,,178,178,178,1
University of Hamburg,,136,221,178.5,178.5,2
Universidad de los Andes,179,,,179,179,1
Universiti Teknologi Malaysia ,181,,,181,181,1
Vrije Universiteit Amsterdam,221,125,197,181,197,3
University of Pittsburgh,275,,88,181.5,181.5,2
University of Göttingen,252,111,,181.5,181.5,2
Hamad Bin Khalifa University,183,,,183,183,1
Newcastle University,129,168,256,184.33,168,3
The Hebrew University of Jerusalem,281,,88,184.5,184.5,2
Tecnológico de Monterrey,185,,,185,185,1
Université catholique de Louvain (UCLouvain),203,168,,185.5,185.5,2
Arizona State University,200,182,177,186.33,182,3
École Normale Supérieure de Lyon,187,,,187,187,1
Peking Union Medical College,,,187,187,187,1
University of Bologna,,155,220,187.5,187.5,2
University of Mainz,,,188,188,188,1
Durham University,89,174,301,188,174,3
Tianjin University,269,,109,189,189.0,2
Technische Universität Wien,190,,,190,190,1
University of Massachusetts Chan Medical School,,,190,190,190,1
Sichuan University,336,150,87,191,150,3
Universität Hamburg,191,,,191,191,1
University of Rochester,236,133,207,192,207,3
Cardiff University,186,190,200,192,190,3
University of Padua,,,192,192,192,1
Queen's University at Kingston,193,,,193,193,1
University of Münster,,193,,193,193,1
Ulm University,,193,,193,193,1
University of Muenster,,,193,193,193,1
Xi’an Jiaotong University,295,,92,193.5,193.5,2
Case Western Reserve University,259,164,161,194.67,164,3
The University of Calgary,,,196,196,196,1
Beijing Normal University ,271,177,142,196.67,177,3
Pohang University of Science And Technology (POSTECH),98,149,343,196.67,149,3
Southern University of Science and Technology,284,,111,197.5,197.5,2
Universidad Autónoma de Madrid,198,,,198,198,1
Indiana University,,198,,198,198,1
University of Calgary,198,,,198,198,1
Sun Yat-sen University,331,,65,198,198.0,2
University of Ottawa,189,177,229,198.33,189,3
University of Cape Town,171,167,258,198.67,171,3
University of Montpellier,,,199,199,199,1
Macquarie University,133,180,286,199.67,180,3
Beijing Institute of Technology,302,,102,202,202.0,2
Khalifa University of Science and Technology,202,,,202,202,1
University of York,184,147,281,204,184,3
Ecole des Ponts ParisTech,205,,,205,205,1
Tel Aviv University,209,,202,205.5,205.5,2
Universitas Indonesia,206,,,206,206,1
Capital Medical University,,,206,206,206,1
Technical University of Berlin,,136,277,206.5,206.5,2
University of Cologne,285,160,179,208,179,3
The Ohio State University,208,,,208,208,1
Baylor College of Medicine,,,208,208,208,1
Dresden University of Technology,,,210,210,210,1
Curtin University,174,,247,210.5,210.5,2
Albert-Ludwigs-Universitaet Freiburg,212,,,212,212,1
University of Colorado at Denver,,,212,212,212,1
Shandong University,316,,110,213,213.0,2
London School of Hygiene & Tropical Medicine,,,213,213,213,1
Hokkaido University,173,,256,214.5,214.5,2
University of Wuerzburg,,,215,215,215,1
Queen's University,,,216,216,216,1
Western University,120,,314,217,217.0,2
University of Erlangen-Nuremberg,,193,242,217.5,217.5,2
University of Leipzig,,,218,218,218,1
Hanyang University,162,,274,218,218.0,2
Universidad Nacional de Colombia,219,,,219,219,1
Lancaster University,141,155,366,220.67,155,3
Deakin University,197,,245,221,221.0,2
University of St Andrews,104,193,368,221.67,193,3
Eberhard Karls Universität Tübingen,222,,,222,222,1
Friedrich-Alexander-Universität Erlangen-Nürnberg,224,,,224,224,1
University of Virginia,297,166,209,224,209,3
Medical University of Vienna,,,225,225,225,1
Kyushu University,167,,283,225,225.0,2
University College Dublin,126,,325,225.5,225.5,2
Rheinische Friedrich-Wilhelms-Universität Bonn,227,,,227,227,1
King Abdullah University of Science and Technology,,,227,227,227,1
Nanjing Medical University,,,230,230,230,1
Karlsruhe Institute of Technology,,140,320,230,230.0,2
Maastricht University ,230,138,322,230,230,3
Universite libre de Bruxelles,230,,,230,230,1
Eindhoven University of Technology,136,168,387,230.33,168,3
Universidade Estadual de Campinas (Unicamp),232,,,232,232,1
University of Milan,285,,183,234,234.0,2
Technische Universität Dresden,234,,,234,234,1
RMIT University,123,,346,234.5,234.5,2
University of Waikato,235,,,235,235,1
Università di Padova,236,,,236,236,1
Catholic University of Louvain,,,237,237,237,1
Gadjah Mada University,239,,,239,239,1
Keio University,188,,293,240.5,240.5,2
Complutense University of Madrid,164,,317,240.5,240.5,2
Technical University of Darmstadt,241,,,241,241,1
Politecnico di Torino,241,,,241,241,1
Chalmers University of Technology,139,189,398,242,189,3
Queensland University of Technology (QUT),213,199,316,242.67,213,3
University of Antwerp,267,161,303,243.67,267,3
Heinrich Heine University Duesseldorf,,,244,244,244,1
Université Grenoble Alpes,334,,155,244.5,244.5,2
University of Lisbon ,260,,231,245.5,245.5,2
Dartmouth College,243,161,337,247,243,3
University of Sussex,246,,248,247,247.0,2
Tufts University,344,191,211,248.67,211,3
Claude Bernard University Lyon 1,,,249,249,249,1
American University of Beirut (AUB),250,,,250,250,1
Taylor's University,251,,,251,251,1
Indiana University Bloomington,355,,150,252.5,252.5,2
University of Aberdeen,236,,271,253.5,253.5,2
University of Macau,245,193,325,254.33,245,3
Kiel University,,,255,255,255,1
Bandung Institute of Technology (ITB),256,,,256,256,1
Xiamen University,362,,150,256,256.0,2
University of Massachusetts Amherst,275,,237,256,256.0,2
Technion - Israel Institute of Technology,416,,97,256.5,256.5,2
South China University of Technology,385,,129,257,257.0,2
University of Lorraine,,,259,259,259,1
Nanjing University of Science & Technology,,,260,260,260,1
University of Canterbury | Te Whare W?nanga o Waitaha,261,,,261,261,1
National Autonomous University of Mexico,,,261,261,261,1
Ulsan National Institute of Science and Technology (UNIST),280,199,310,263,280,3
University of Innsbruck,,,263,263,263,1
Central South University,431,,96,263.5,263.5,2
Norwegian University of Science And Technology,264,,,264,264,1
UCSI University,265,,,265,265,1
University of Buenos Aires,,,265,265,265,1
Universitat Pompeu Fabra (Barcelona),265,,,265,265,1
Southeast University,428,,105,266.5,266.5,2
University of Witwatersrand,267,,,267,267,1
Queen's University Belfast,206,,329,267.5,267.5,2
Universiti Teknologi PETRONAS (UTP),269,,,269,269,1
North Carolina State University at Raleigh,,,270,270,270,1
Nankai University,377,,163,270,270.0,2
Radboud University ,272,,,272,272,1
Aalto University,113,,436,274.5,274.5,2
University of the Witwatersrand,,,276,276,276,1
University of Wollongong,167,,386,276.5,276.5,2
The University of Texas Health Science Center at Houston,,,279,279,279,1
University of Porto,278,,280,279,279.0,2
Swinburne University of Technology,291,,267,279,279.0,2
Griffith University,255,,307,281,281.0,2
"University of California, Santa Cruz",393,,173,283,283.0,2
Université Paris 1 Panthéon-Sorbonne ,283,,,283,283,1
Northwest A&F University,,,284,284,284,1
Middle East Technical University,285,,,285,285,1
Universidad Carlos III de Madrid (UC3M),285,,,285,285,1
University of Bergen,291,,285,288,288.0,2
Southern Medical University,,,288,288,288,1
Ruhr University Bochum,,,290,290,290,1
University of Notre Dame,316,199,355,290,316,3
Vrije Universiteit Brussel (VUB),278,,304,291,291.0,2
University of Pisa,382,,201,291.5,291.5,2
The University of Arizona,293,,,293,293,1
"The University of Newcastle, Australia (UON)",179,,408,293.5,293.5,2
Oregon Health & Science University,,,294,294,294,1
Vienna University of Technology,,,297,297,297,1
Beihang University (former BUAA),452,,143,297.5,297.5,2
Bauman Moscow State Technical University,298,,,298,298,1
University of Valencia,,,299,299,299,1
La Trobe University,217,,388,302.5,302.5,2
Universidade Federal do Rio de Janeiro,304,,,304,304,1
Linköping University,304,,,304,304,1
Nanjing Tech University,,,306,306,306,1
University of Turin,371,,242,306.5,306.5,2
University of Electronic Science and Technology of China,451,,162,306.5,306.5,2
Dalhousie University,275,,339,307,307.0,2
University of Naples - Federico II,347,,268,307.5,307.5,2
Nanchang University,,,308,308,308,1
Airlangga University,308,,,308,308,1
Nanjing University of Information Science & Technology,,,309,309,309,1
Universität Innsbruck,309,,,309,309,1
Goethe-University Frankfurt am Main,309,,,309,309,1
University of Bath,150,,471,310.5,310.5,2
Virginia Polytechnic Institute and State University,389,,233,311,311.0,2
North Carolina State University,311,,,311,311,1
National Yang Ming Chiao Tung University,219,,403,311,311.0,2
Hunan University ,448,,175,311.5,311.5,2
University of Duisburg-Essen,,,312,312,312,1
Charles University,246,,380,313,313.0,2
Zhejiang University of Technology,,,313,313,313,1
Universität Stuttgart,314,,,314,314,1
Quaid-i-Azam University,315,,,315,315,1
National Cheng Kung University (NCKU),215,,416,315.5,315.5,2
Jilin University,497,,135,316,316.0,2
University College Cork,273,,359,316,316.0,2
RUDN University,316,,,316,316,1
Fuzhou University,,,317,317,317,1
Aix-Marseille University,481,,157,319,319.0,2
Universidad Politécnica de Madrid (UPM),321,,,321,321,1
National Technical University of Athens,321,,,321,321,1
L.N. Gumilyov Eurasian National University (ENU),321,,,321,321,1
University of East Anglia (UEA),332,,311,321.5,321.5,2
University of Twente,233,184,549,322,233,3
University of Miami,324,,321,322.5,322.5,2
University of Southern Denmark (SDU),324,,322,323,323.0,2
Dalian University of Technology,448,,198,323,323.0,2
ShanghaiTech University,,,325,325,325,1
Daegu Gyeongbuk Institute of Science and Technology (DGIST),326,,,326,326,1
University of Tasmania,293,,360,326.5,326.5,2
University of Otago,214,,441,327.5,327.5,2
Georgetown University,301,187,495,327.67,301,3
Rutgers University–New Brunswick,328,,,328,328,1
Jiangsu University,,,330,330,330,1
Northeastern University,396,,264,330,330.0,2
National Tsing Hua University,210,,452,331,331.0,2
University of Science and Technology Beijing,430,,232,331,331.0,2
Ecole Normale Superieure - Lyon,,,331,331,331,1
Chongqing University,489,,174,331.5,331.5,2
China Agricultural University ,484,,180,332,332.0,2
American University of Sharjah,332,,,332,332,1
Paul Sabatier University (Toulouse 3),,,332,332,332,1
Polytechnic University of Milan,,,333,333,333,1
Stony Brook University,,,334,334,334,1
University of Tsukuba,377,,295,336,336.0,2
University of Hawaii at Manoa,,,336,336,336,1
University of the Philippines,336,,,336,336,1
Lappeenranta-Lahti University of Technology LUT,336,,,336,336,1
Northwestern Polytechnical University,547,,128,337.5,337.5,2
Linkoping University,,,338,338,338,1
Zhengzhou University,511,,168,339.5,339.5,2
Yangzhou University,,,340,340,340,1
University of Leicester,285,,397,341,341.0,2
Qingdao University,,,342,342,342,1
University of Potsdam,,,343,343,343,1
George Washington University,371,,315,343,343.0,2
Indian Institute of Technology Guwahati (IITG),344,,,344,344,1
Aalborg University,306,,383,344.5,344.5,2
Southwest Jiaotong University,,,345,345,345,1
University of Florence,375,,319,347,347.0,2
King Abdulaziz University (KAU),149,,546,347.5,347.5,2
Guangxi University,,,348,348,348,1
Westlake University,,,349,349,349,1
University of Shanghai for Science and Technology,,,350,350,350,1
Sciences Po ,350,,,350,350,1
University of Victoria (UVic),349,,351,350,350.0,2
University of Utah,531,,169,350,350.0,2
"City, University of London",352,,,352,352,1
University of Surrey,285,,419,352,352.0,2
University of Stuttgart,,,352,352,352,1
National University of Sciences And Technology (NUST) Islamabad,353,,,353,353,1
Guangzhou Medical University,,,353,353,353,1
Autonomous University of Barcelona,,,355,355,355,1
Victoria University of Wellington,244,,467,355.5,355.5,2
Shenzhen University,508,,204,356,356.0,2
Laval University,,,357,357,357,1
Qatar University,122,,593,357.5,357.5,2
Pontificia Universidad Católica del Perú,359,,,359,359,1
Gwangju Institute of Science and Technology (GIST),359,,,359,359,1
 Western Sydney University,384,,335,359.5,359.5,2
"University of California, Riverside",497,,224,360.5,360.5,2
University of Warsaw ,258,,465,361.5,361.5,2
Sultan Qaboos University,362,,,362,362,1
Yunnan University,,,363,363,363,1
Kyung Hee University,328,,399,363.5,363.5,2
Fujian Medical University,,,365,365,365,1
Saint Petersburg State University,365,,,365,365,1
University of Illinois at Chicago (UIC),365,,,365,365,1
Westfälische Wilhelms-Universität Münster ,367,,,367,367,1
Pompeu Fabra University,,,368,368,368,1
University of Jordan,368,,,368,368,1
Shanghai University,489,,251,370,370.0,2
Indian Institute of Science,211,,530,370.5,370.5,2
Universitat Politècnica de Catalunya · BarcelonaTech (UPC),371,,,371,371,1
Lincoln University ,371,,,371,371,1
Colorado State University,442,,300,371,371.0,2
Stellenbosch University,296,,448,372,372.0,2
University of Ulm,,,372,372,372,1
Henan University,,,374,374,374,1
Simon Fraser University,319,,431,375,375.0,2
Nanjing University of Posts and Telecommunications,,,376,376,376,1
University of Marburg,,,377,377,377,1
Pontificia Universidad Javeriana,377,,,377,377,1
East China Normal University,501,,254,377.5,377.5,2
South China Agricultural University,,,378,378,378,1
Albert Einstein College of Medicine,,,378,378,378,1
University of Navarra,249,,511,380,380.0,2
Technische Universität Bergakademie Freiberg,380,,,380,380,1
Cairo University,350,,411,380.5,380.5,2
University of South Australia,340,,425,382.5,382.5,2
Anna University,383,,,383,383,1
Anhui University,,,383,383,383,1
Universiti Brunei Darussalam (UBD),385,,,385,385,1
Belarusian State University,387,,,387,387,1
Universidade Nova de Lisboa,388,,,388,388,1
Università Vita-Salute San Raffaele,389,,,389,389,1
Guangdong University of Technology,,,389,389,389,1
"The University of Tennessee, Knoxville",481,,298,389.5,389.5,2
Autonomous University of Madrid,,,390,390,390,1
University of Delaware,506,,277,391.5,391.5,2
Kunming University of Science and Technology,,,392,392,392,1
Xidian University,,,393,393,393,1
University of Alabama at Birmingham,,,394,394,394,1
University of Turku,375,,414,394.5,394.5,2
Indian Institute of Technology Delhi (IITD),150,,641,395.5,395.5,2
Université de Liège,396,,,396,396,1
Ruhr-Universität Bochum,396,,,396,396,1
University of Liege,,,400,400,400,1
Technical University Darmstadt,,,400,400,400,1
University of Granada,431,,370,400.5,400.5,2
Kazan (Volga region) Federal University,401,,,401,401,1
Koç University,401,,,401,401,1
University of Canberra ,403,,,403,403,1
Sao Paulo State University,,,403,403,403,1
Amirkabir University of Technology,403,,,403,403,1
University of Bordeaux,535,,273,404,404.0,2
Institut National des Sciences Appliquées de Lyon (INSA),405,,,405,405,1
Satbayev University,405,,,405,405,1
USI - Università della Svizzera italiana,405,,,405,405,1
University of Kansas,452,,358,405,405.0,2
University of Côte d'Azur,,,406,406,406,1
University of Oulu,344,,469,406.5,406.5,2
 University of Dundee,418,,396,407,407.0,2
Anhui Medical University,,,407,407,407,1
China University of Geosciences Beijing,,,409,409,409,1
"Indiana University, Indianapolis",,,409,409,409,1
Jagiellonian University,312,,507,409.5,409.5,2
The American University in Cairo,410,,,410,410,1
Flinders University,336,,489,412.5,412.5,2
Yeshiva University,413,,,413,413,1
University of Lille,,,414,414,414,1
University of Tehran,368,,462,415,415.0,2
University of Saskatchewan,340,,491,415.5,415.5,2
Oxford Brookes University,416,,,416,416,1
University of Aveiro,359,,477,418,418.0,2
Bo?aziçi University,418,,,418,418,1
Hefei University of Technology,,,418,418,418,1
National University of Defense Technology,,,419,419,419,1
University of Connecticut,565,,274,419.5,419.5,2
Dublin City University,421,,,421,421,1
University of Jena,,,423,423,423,1
Aston University,423,,,423,423,1
The University of Texas at Dallas,,,423,423,423,1
Université Laval,423,,,423,423,1
University of Galway,273,,574,423.5,423.5,2
James Cook University,445,,402,423.5,423.5,2
Sejong University ,396,,451,423.5,423.5,2
National Taipei University of Technology,425,,,425,425,1
IPB University (a.k.a. Bogor Agricultural University),426,,,426,426,1
Ben-Gurion University of The Negev,471,,382,426.5,426.5,2
University of Kent,380,,473,426.5,426.5,2
"University of Maryland, Baltimore",,,428,428,428,1
Julius-Maximilians-Universität Würzburg,428,,,428,428,1
Hong Kong Baptist University,252,,605,428.5,428.5,2
Ningbo University,,,429,429,429,1
Polytechnic University of Valencia,,,430,430,430,1
Tomsk State University,431,,,431,431,1
Masaryk University,408,,454,431,431.0,2
University of Regensburg,,,433,433,433,1
University of Konstanz,,,434,434,434,1
IE University,435,,,435,435,1
Wenzhou Medical University,,,435,435,435,1
Universitat Politècnica de València,436,,,436,436,1
Iran University of Science and Technology,436,,,436,436,1
University of Pavia,,,436,436,436,1
"University of Rome ""Tor Vergata""",393,,482,437.5,437.5,2
University of Johannesburg,312,,564,438,438.0,2
Swedish University of Agricultural Sciences,,,438,438,438,1
Medical University of Graz,,,438,438,438,1
"University of Missouri, Columbia",641,,236,438.5,438.5,2
University of Coimbra,355,,522,438.5,438.5,2
Singapore University of Technology and Design,440,,,440,440,1
Università degli Studi di Pavia,440,,,440,440,1
University of Rennes,,,440,440,440,1
Leibniz University Hannover,426,,457,441.5,441.5,2
Washington State University,466,,417,441.5,441.5,2
Università Cattolica del Sacro Cuore,442,,,442,442,1
Hainan University,,,442,442,442,1
Okinawa Institute of Science and Technology Graduate University,,,442,442,442,1
Chulalongkorn University,229,,656,442.5,442.5,2
"University of Oklahoma, Norman",,,445,445,445,1
Justus-Liebig-University Giessen,445,,,445,445,1
Universitat de Valencia,445,,,445,445,1
University of Canterbury,,,445,445,445,1
University of Illinois Chicago,,,447,447,447,1
Université de Montpellier,448,,,448,448,1
University of Trento,506,,391,448.5,448.5,2
University of Milano-Bicocca ,513,,385,449,449.0,2
University of Tartu,358,,541,449.5,449.5,2
Fujian Agriculture and Forestry University,,,450,450,450,1
National Taiwan Normal University,452,,,452,452,1
Saarland University,,,453,453,453,1
University of Pretoria,354,,552,453,453.0,2
Oregon State University,641,,266,453.5,453.5,2
St Petersburg University,,,455,455,455,1
Vita-Salute San Raffaele University,,,455,455,455,1
Waseda University,181,,729,455,455.0,2
Macau University of Science and Technology,464,,448,456,456.0,2
Université de Strasbourg,456,,,456,456,1
East China University of Science and Technology,641,,272,456.5,456.5,2
CUNY Graduate School and University Center,,,457,457,457,1
The University of Georgia,587,,328,457.5,457.5,2
University of Essex,,,460,460,460,1
"Stony Brook University, State University of New York",460,,,460,460,1
Catholic University of the Sacred Heart,,,461,461,461,1
Universidad de Santiago de Chile (USACH),461,,,461,461,1
National and Kapodistrian University of Athens,393,,531,462,462.0,2
Universidad de Sevilla,462,,,462,462,1
Tehran University of Medical Sciences,,,462,462,462,1
Florida State University,573,,353,463,463.0,2
University of Genoa,547,,380,463.5,463.5,2
Indian Institute of Technology Kanpur (IITK),263,,666,464.5,464.5,2
Hiroshima University,474,,457,465.5,465.5,2
University at Buffalo SUNY,466,,,466,466,1
Universitat Ramon Llull,466,,,466,466,1
Universität Konstanz,466,,,466,466,1
Guangzhou University,,,466,466,466,1
"The Chinese University of Hong Kong, Shenzhen",,,468,468,468,1
Jinan University (China),580,,360,470,470.0,2
China Medical University (Taichung),,,471,471,471,1
Umea University,456,,486,471,471.0,2
Indian Institute of Technology Madras (IITM),227,,715,471,471.0,2
University of Houston,651,,291,471,471.0,2
University of Iowa,596,,347,471.5,471.5,2
"Essex, University of",472,,,472,472,1
Universität Potsdam,474,,,474,474,1
Iowa State University,470,,479,474.5,474.5,2
Guizhou University,,,475,475,475,1
"Louisiana State University, Baton Rouge",,,475,475,475,1
Indian Institute of Technology Indore (IIT Indore),477,,,477,477,1
Bilkent University,477,,,477,477,1
Ajman University,477,,,477,477,1
University of Mannheim,,187,772,479.5,479.5,2
University of Campinas,,,480,480,480,1
South China Normal University,,,481,481,481,1
Pontificia Universidad Católica Argentina,481,,,481,481,1
University of Manitoba,661,,301,481,481.0,2
Indian Institute of Technology Bombay (IITB),118,,847,482.5,482.5,2
University of Seville,,,484,484,484,1
"University of South Carolina, Columbia",,,484,484,484,1
Pusan National University,524,,444,484,484.0,2
American University of Ras Al Khaimah ( AURAK ),485,,,485,485,1
Nanjing Agricultural University,711,,262,486.5,486.5,2
Lanzhou University,721,,252,486.5,486.5,2
Hannover Medical School,,,487,487,487,1
Universität Mannheim,487,,,487,487,1
University of Hawai?i at M?noa,488,,,488,488,1
Isfahan University of Technology,489,,,489,489,1
Nanjing University of Chinese Medicine,,,489,489,489,1
University of Jyväskylä,489,,,489,489,1
UNESP,489,,,489,489,1
Mahidol University,368,,611,489.5,489.5,2
University of Luxembourg,355,,625,490,490.0,2
Vilnius University ,439,,543,491,491.0,2
Kobe University,465,,518,491.5,491.5,2
Beijing University of Chemical Technology,701,,286,493.5,493.5,2
Central Queensland University (CQUniversity Australia),495,,,495,495,1
University of Verona,,,495,495,495,1
Duy Tan University,495,,,495,495,1
The University of Reading,,,495,495,495,1
University of Strathclyde,281,,711,496,496.0,2
Murdoch University,436,,556,496,496.0,2
Universidad de Costa Rica,497,,,497,497,1
National Research Nuclear University MEPhI (Moscow Engineering Physics Institute),497,,,497,497,1
Tampere University,462,,533,497.5,497.5,2
University of Catania,,,498,498,498,1
Medical University of Innsbruck,,,498,498,498,1
Kyungpook National University,516,,483,499.5,499.5,2
Bangor University,474,,526,500,500.0,2
University of Delhi,328,,673,500.5,500.5,2
Johannes Gutenberg Universität Mainz,501,,,501,501,1
University of Huddersfield,501,,,501,501,1
Abu Dhabi University,501,,,501,501,1
China University of Petroleum,631,,373,502,502.0,2
University of Bremen,,,503,503,503,1
China University of Geosciences,771,,241,506,506.0,2
Pontifical Catholic University of Chile,,,506,506,506,1
Swansea University,298,,715,506.5,506.5,2
University of Rostock,,,507,507,507,1
The University of Texas Health Science Center at San Antonio,,,507,507,507,1
SOAS University of London ,508,,,508,508,1
University of the Basque Country,641,,375,508,508.0,2
Brunel University London,342,,674,508,508.0,2
University of Bayreuth,527,,492,509.5,509.5,2
University of Santiago Compostela,,,512,512,512,1
Prince Mohammad Bin Fahd university,513,,,513,513,1
Imam Abdulrahman Bin Faisal University (IAU) (formerly UNIVERSITY OF DAMMAM),513,,,513,513,1
Wuhan University of Technology,801,,227,514,514.0,2
Northeast Agricultural University,,,515,515,515,1
"China University of Petroleum, Beijing",,,516,516,516,1
University of Southern Queensland ,396,,636,516,516.0,2
Ural Federal University - UrFU,516,,,516,516,1
Sabanci University,516,,,516,516,1
INTI International University,516,,,516,516,1
Ateneo de Manila University,516,,,516,516,1
Federal University of Rio de Janeiro,,,517,517,517,1
Central China Normal University,,,519,519,519,1
Heriot-Watt University,256,,784,520,520.0,2
University of South Florida,621,,421,521,521.0,2
Nanjing Forestry University,,,521,521,521,1
Nanjing University of Aeronautics and Astronautics,761,,281,521,521.0,2
Aristotle University of Thessaloniki,508,,535,521.5,521.5,2
University of Guelph,456,,587,521.5,521.5,2
Shanxi University,,,522,522,522,1
The University of Texas Medical Branch at Galveston,,,522,522,522,1
United Arab Emirates University,261,,784,522.5,522.5,2
Loughborough University,224,,821,522.5,522.5,2
Canadian University Dubai,523,,,523,523,1
York University,362,,685,523.5,523.5,2
Universidad Austral,524,,,524,524,1
Tianjin Medical University,,,525,525,525,1
Universität Jena,526,,,526,526,1
Medical University of South Carolina,,,527,527,527,1
Missouri University of Science and Technology,527,,,527,527,1
Universität Leipzig,527,,,527,527,1
Chongqing Medical University,,,528,528,528,1
Graz University of Technology,413,,644,528.5,528.5,2
"University at Buffalo, the State University of New York",,,529,529,529,1
University of Perugia,,,531,531,531,1
Indian Institute of Technology (BHU) Varanasi,531,,,531,531,1
Coventry University,531,,,531,531,1
University of Bradford,531,,,531,531,1
University of Nebraska - Lincoln,701,,362,531.5,531.5,2
University of Szeged,570,,494,532,532.0,2
University of Arkansas at Fayetteville,,,533,533,533,1
National Sun Yat-sen University,485,,581,533,533.0,2
Universidad Nacional de La Plata (UNLP),534,,,534,534,1
Indian Institute of Technology Kharagpur (IIT-KGP),222,,847,534.5,534.5,2
Northumbria University at Newcastle,535,,,535,535,1
Lahore University of Management Sciences (LUMS),535,,,535,535,1
King Khalid University,601,,470,535.5,535.5,2
Federal University of Minas Gerais,,,536,536,536,1
Concordia University,415,,657,536,536.0,2
Xi'an University of Technology,,,538,538,538,1
Princess Nourah bint Abdulrahman University,681,,395,538,538.0,2
Université de Fribourg,539,,,539,539,1
Applied Science University - Bahrain,539,,,539,539,1
Toulouse Capitole University,,,539,539,539,1
Hitotsubashi University,539,,,539,539,1
Sunway University,539,,,539,539,1
Shandong University of Science and Technology,,,540,540,540,1
Shaanxi Normal University,,,542,542,542,1
Yanshan University,,,543,543,543,1
Shandong Agricultural University,,,543,543,543,1
Brandeis University,721,,366,543.5,543.5,2
Universidad de Zaragoza,544,,,544,544,1
Universidad Pontificia Comillas,544,,,544,544,1
Beijing University of Technology,801,,289,545,545.0,2
Hangzhou Dianzi University,,,547,547,547,1
Tashkent Institute of Irrigation and Agricultural Mechanization Engineers - National Research University (TIIAME-NRU),547,,,547,547,1
Huazhong Agricultural University,801,,295,548,548.0,2
Zhejiang Sci-Tech University,,,548,548,548,1
University of Zaragoza,,,549,549,549,1
China University of Mining and Technology,681,,422,551.5,551.5,2
Al Ain University,552,,,552,552,1
University of Tabriz,552,,,552,552,1
University of Maine,,,552,552,552,1
Moscow Institute of Physics and Technology (MIPT / Moscow Phystech),456,,652,554,554.0,2
University of Dhaka,554,,,554,554,1
Jordan University of Science & Technology,554,,,554,554,1
University Ulm,554,,,554,554,1
Universiti Utara Malaysia (UUM),554,,,554,554,1
University of Giessen,,,554,554,554,1
Hasselt University ,554,,,554,554,1
Hebei University,,,556,556,556,1
"University of Nevada, Las Vegas",,,556,556,556,1
Temple University,681,,432,556.5,556.5,2
Peter the Great St. Petersburg Polytechnic University,559,,,559,559,1
Massey University,239,,879,559,559.0,2
Ewha Womans University,511,,611,561,561.0,2
"University of California, Merced",,,561,561,561,1
University of Nantes,,,561,561,561,1
Universiti Teknologi Brunei,562,,,562,562,1
Université Claude Bernard Lyon 1,562,,,562,562,1
Ocean University of China,801,,324,562.5,562.5,2
University of Cincinnati,761,,364,562.5,562.5,2
The City College of New York,,,563,563,563,1
University of Salamanca,539,,589,564,564.0,2
Eötvös Loránd University,564,,,564,564,1
Nanjing University of Science and Technology,565,,,565,565,1
Colorado School of Mines,501,,629,565,565.0,2
University of Fribourg,,,565,565,565,1
"The University of New Mexico, Albuquerque",,,566,566,566,1
Boston College,631,,502,566.5,566.5,2
Lebanese University,567,,,567,567,1
MGIMO University,567,,,567,567,1
North China Electric Power University,,,569,569,569,1
Renmin (People's) University of China,621,,519,570,570.0,2
"University of Chemistry and Technology, Prague",570,,,570,570,1
University of Chile,,,571,571,571,1
University of Belgrade,731,,413,572,572.0,2
University of Central Florida,741,,405,573,573.0,2
Saint Louis University (USA),,,573,573,573,1
University of Debrecen,574,,,574,574,1
Wenzhou University,,,575,575,575,1
Southern Cross University ,576,,,576,576,1
Universidad Adolfo Ibáñez,576,,,576,576,1
National Research Tomsk Polytechnic University,576,,,576,576,1
Sogang University,576,,,576,576,1
University of Halle-Wittenberg,,,577,577,577,1
National Polytechnic Institute,,,578,578,578,1
University of Ljubljana,596,,560,578,578.0,2
Istanbul University,621,,536,578.5,578.5,2
Eotvos Lorand University,,,579,579,579,1
Management and Science University,580,,,580,580,1
Université Paul Sabatier Toulouse III,580,,,580,580,1
Jawaharlal Nehru University,580,,,580,580,1
University of Kentucky,791,,371,581,581.0,2
Sharif University of Technology,342,,822,582,582.0,2
National Taiwan University of Science and Technology (Taiwan Tech),392,,772,582,582.0,2
Istanbul Technical University,326,,839,582.5,582.5,2
Medical College of Wisconsin,,,583,583,583,1
Jiangsu University of Science and Technology,,,584,584,584,1
UiT The Arctic University of Norway,,,584,584,584,1
University of Stirling,452,,717,584.5,584.5,2
Institut Teknologi Sepuluh Nopember (ITS Surabaya),585,,,585,585,1
Singapore Management University,585,,,585,585,1
Shoolini University of Biotechnology and Management Sciences,587,,,587,587,1
Universiti Teknologi MARA - UiTM,587,,,587,587,1
Bond University,587,,,587,587,1
Bar-Ilan University,671,,505,588,588.0,2
Hebei University of Technology,,,590,590,590,1
Changzhou University,,,592,592,592,1
Universität Bremen,592,,,592,592,1
University of Minho,611,,576,593.5,593.5,2
University of Luebeck,,,594,594,594,1
ITMO University,595,,,595,595,1
Northeast Normal University,,,595,595,595,1
University of Kwazulu-Natal,587,,603,595,595.0,2
Thammasat University,596,,,596,596,1
University of Campania Luigi Vanvitelli,,,596,596,596,1
Virginia Commonwealth University,851,,341,596,596.0,2
University of Texas Dallas,596,,,596,596,1
Universitas Padjadjaran,596,,,596,596,1
Fujian Normal University,,,598,598,598,1
University of Iceland,547,,650,598.5,598.5,2
Hangzhou Normal University,,,599,599,599,1
"University of Nevada, Reno",,,599,599,599,1
Tulane University,631,,568,599.5,599.5,2
Universität des Saarlandes,601,,,601,601,1
University of South Carolina,601,,,601,601,1
National Chengchi University,601,,,601,601,1
Illinois Institute of Technology,601,,,601,601,1
Ca' Foscari University of Venice ,601,,,601,601,1
"Kingston University, London",601,,,601,601,1
Paris Lodron University of Salzburg,601,,,601,601,1
Chung-Ang University (CAU),489,,720,604.5,604.5,2
Indian Institute of Technology Roorkee (IITR),335,,874,604.5,604.5,2
Hunan Normal University,,,605,605,605,1
Florida International University,574,,636,605,605.0,2
University of Eastern Finland,535,,679,607,607.0,2
University of Oldenburg,,,608,608,608,1
Shandong First Medical University,,,608,608,608,1
Rensselaer Polytechnic Institute,601,,615,608,608.0,2
University of Limerick,421,,796,608.5,608.5,2
Brno University of Technology,611,,,611,611,1
Pontifícia Universidade Católica do Rio de Janeiro,611,,,611,611,1
Eastern Mediterranean University,611,,,611,611,1
Federal University of Rio Grande do Sul,,,611,611,611,1
Asia Pacific University of Technology and Innovation (APU),611,,,611,611,1
American University of the Middle East,611,,,611,611,1
University of Klagenfurt,611,,,611,611,1
Christian-Albrechts-University zu Kiel,611,,,611,611,1
University of Bari,801,,426,613.5,613.5,2
University Rovira i Virgili,,,614,614,614,1
University of Ferrara,,,615,615,615,1
University of Graz,,,615,615,615,1
Drexel University,721,,510,615.5,615.5,2
University of Cyprus (UCY),389,,844,616.5,616.5,2
Dalian Maritime University,,,618,618,618,1
Qingdao University of Science & Technology,,,620,620,620,1
Northeast Forestry University,,,620,620,620,1
Universidad de Palermo (UP),621,,,621,621,1
Zayed University,621,,,621,621,1
Abo Akademi University,621,,,621,621,1
University of Tromsø The Arctic University of Norway,621,,,621,621,1
Auezov South Kazakhstan University (SKU),621,,,621,621,1
Universidad de Alcalá,621,,,621,621,1
American University in Dubai,621,,,621,621,1
Charles Darwin University ,621,,,621,621,1
Tallinn University of Technology (TalTech),621,,,621,621,1
University of Malaya,,,622,622,622,1
Binghamton University,,,623,623,623,1
Taif University,,,625,625,625,1
Naval Medical University,,,625,625,625,1
George Mason University,1001,,250,625.5,625.5,2
University of Zagreb,651,,603,627,627.0,2
China University of Mining and Technology-Beijing,,,629,629,629,1
Universidad de Concepción,631,,,631,631,1
Far Eastern Federal University,631,,,631,631,1
Rush University,,,631,631,631,1
Savitribai Phule Pune University,631,,,631,631,1
"Birkbeck, University of London",408,,854,631,631.0,2
Czech Technical University in Prague,420,,845,632.5,632.5,2
Nantong University,,,633,633,633,1
Southwest Petroleum University,,,633,633,633,1
Università Della Svizzera Italiana,,,635,635,635,1
Brescia University,,,636,636,636,1
University of Haifa,671,,602,636.5,636.5,2
Taiyuan University of Technology,,,639,639,639,1
Khalifa University,,,639,639,639,1
Symbiosis International (Deemed University),641,,,641,641,1
De La Salle University,641,,,641,641,1
Beirut Arab University ,641,,,641,641,1
Ritsumeikan University,641,,,641,641,1
Universiti Tenaga Nasional (UNITEN),641,,,641,641,1
Manchester Metropolitan University (MMU),601,,682,641.5,641.5,2
Ain Shams University ,592,,692,642,642.0,2
Texas Tech University,781,,504,642.5,642.5,2
Zhejiang Normal University,,,643,643,643,1
"University of Natural Resources and Life Sciences, Vienna",,,645,645,645,1
Royal Holloway University of London,477,,815,646,646.0,2
Inha University,631,,661,646,646.0,2
University of Siena,691,,605,648,648.0,2
Chengdu University of Technology,,,648,648,648,1
Wake Forest University,741,,559,650,650.0,2
Universidade de Santiago de Compostela,651,,,651,651,1
HUFS - Hankuk (Korea) University of Foreign Studies ,651,,,651,651,1
Semmelweis University,,,653,653,653,1
Jiangnan University,1001,,305,653,653.0,2
University of Oviedo,,,653,653,653,1
Chang Gung University,631,,678,654.5,654.5,2
Donghua University,851,,462,656.5,656.5,2
Henan University of Science and Technology,,,657,657,657,1
Qilu University of Technology,,,659,659,659,1
University of the Punjab,570,,750,660,660.0,2
Marche Polytechnic University,,,660,660,660,1
Carleton University,741,,580,660.5,660.5,2
International Islamic University Malaysia (IIUM),661,,,661,661,1
Comenius University Bratislava,661,,,661,661,1
"Sofia University ""St. Kliment Ohridski""",661,,,661,661,1
Universidad de la República (Udelar),661,,,661,661,1
Aberystwyth University,661,,,661,661,1
Tokyo Medical and Dental University (TMDU),661,,,661,661,1
City University of New York,661,,,661,661,1
ISCTE - Instituto Universitario de Lisboa,661,,,661,661,1
Beijing Forestry University,,,662,662,662,1
Chang'an University,,,663,663,663,1
Thomas Jefferson University,,,664,664,664,1
Tilburg University,347,,982,664.5,664.5,2
Auckland University of Technology (AUT),412,,919,665.5,665.5,2
Air Force Medical University,,,668,668,668,1
University of Augsburg,,,669,669,669,1
University of Trieste,721,,618,669.5,669.5,2
Novosibirsk State University,442,,897,669.5,669.5,2
Kazakh National Agrarian University KazNAU,671,,,671,671,1
Karl-Franzens-Universitaet Graz,671,,,671,671,1
Polytechnic University of Turin,,,671,671,671,1
Abai Kazakh National Pedagogical University,671,,,671,671,1
Universidade Federal de Minas Gerais      ,671,,,671,671,1
Martin-Luther-Universität Halle-Wittenberg,671,,,671,671,1
University of Health Sciences Turkey,,,672,672,672,1
University of Sharjah,434,,910,672,672.0,2
Hacettepe University ,641,,703,672,672.0,2
Polytechnic University of Madrid,,,674,674,674,1
University of Burgundy Europe,,,674,674,674,1
Johannes Kepler University Linz,472,,881,676.5,676.5,2
University of Ulsan ,801,,555,678,678.0,2
Shanghai Ocean University,,,679,679,679,1
"Goldsmiths, University of London",681,,,681,681,1
Prince Sultan University,681,,,681,681,1
Indian Institute of Technology Hyderabad,681,,,681,681,1
"University of Agriculture, Faisalabad ",681,,,681,681,1
Lebanese American University,701,,666,683.5,683.5,2
Xinjiang University,,,687,687,687,1
Beijing Technology and Business University,,,688,688,688,1
Osaka Metropolitan University,901,,477,689,689.0,2
Lanzhou University of Technology,,,689,689,689,1
Vellore Institute of Technology (VIT),791,,587,689,689.0,2
Zhejiang Chinese Medical University,,,690,690,690,1
Universidade Federal do Rio Grande Do Sul ,691,,,691,691,1
University of Brescia,691,,,691,691,1
Chandigarh University,691,,,691,691,1
Pakistan Institute of Engineering and Applied Sciences (PIEAS),691,,,691,691,1
Universidad Panamericana (UP),691,,,691,691,1
Shiraz University,691,,,691,691,1
Universidad de La Habana,691,,,691,691,1
Universidade Federal de São Paulo,691,,,691,691,1
Universidad Central de Venezuela,691,,,691,691,1
University of Oregon,801,,584,692.5,692.5,2
Technical University of Dortmund,,,693,693,693,1
Federal University of Santa Catarina,,,693,693,693,1
Nottingham Trent University,592,,796,694,694.0,2
Alexandria University ,801,,590,695.5,695.5,2
Edith Cowan University ,516,,877,696.5,696.5,2
Technical University of Braunschweig,,,699,699,699,1
Homi Bhabha National Institute,,,699,699,699,1
Chiang Mai University,567,,832,699.5,699.5,2
Taras Shevchenko National University of Kyiv,701,,,701,701,1
National Institute of Technology Tiruchirappalli,701,,,701,701,1
Stevens Institute of Technology,701,,,701,701,1
University of Oklahoma,701,,,701,701,1
University of Hull,516,,887,701.5,701.5,2
University of La Laguna,,,702,702,702,1
HSE University,410,,995,702.5,702.5,2
Memorial University of Newfoundland,661,,744,702.5,702.5,2
Prince Sattam Bin Abdulaziz University,,,703,703,703,1
Palacký University Olomouc,651,,757,704,704.0,2
Suzhou University of Science and Technology,,,705,705,705,1
Harbin Medical University,,,706,706,706,1
Nanjing Normal University,1001,,412,706.5,706.5,2
Tianjin University of Technology,,,707,707,707,1
Guangxi Normal University,,,708,708,708,1
Tarbiat Modares University,,,710,710,710,1
Politecnico di Bari,580,,840,710,710.0,2
Taipei Medical University (TMU),611,,810,710.5,710.5,2
Plekhanov Russian University of Economics,711,,,711,711,1
Ahlia University,711,,,711,711,1
"Lingnan University, Hong Kong",711,,,711,711,1
American University,711,,,711,711,1
Jiangxi Normal University,,,711,711,711,1
Czech University of Life Sciences in Prague,711,,,711,711,1
Saint Joseph University of Beirut (USJ) ,711,,,711,711,1
Université de Franche-Comté,711,,,711,711,1
Ton Duc Thang University,711,,,711,711,1
The National University of Science and Technology MISIS,711,,,711,711,1
De Montfort University,711,,,711,711,1
"The University of Alabama, Tuscaloosa",,,711,711,711,1
University of Mumbai,711,,,711,711,1
Norwegian University of Life Sciences (UMB),691,,733,712,712.0,2
Southwest University,1001,,426,713.5,713.5,2
SRM Institute of Science & Technology,,,714,714,714,1
Ulster University,559,,870,714.5,714.5,2
University of Salerno,801,,631,716,716.0,2
Okayama University,851,,582,716.5,716.5,2
University at Albany,,,718,718,718,1
University of Quebec Montreal,,,719,719,719,1
University of Clermont Auvergne,,,720,720,720,1
Jeonbuk National University,681,,760,720.5,720.5,2
Université de Lille,721,,,721,721,1
Effat University,721,,,721,721,1
Middlesex University,721,,,721,721,1
Jadavpur University,721,,,721,721,1
Diponegoro University,721,,,721,721,1
Riga Technical University,721,,,721,721,1
Université de Rennes 1 (University of Rennes),721,,,721,721,1
Humanitas University,,,722,722,722,1
National University of Malaysia,,,722,722,722,1
University of Greenwich,691,,757,724,724.0,2
Wuhan Institute of Technology,,,725,725,725,1
Liverpool John Moores University,801,,650,725.5,725.5,2
University of Plymouth,661,,790,725.5,725.5,2
Chiba University,771,,682,726.5,726.5,2
University of Jyvaskyla,,,727,727,727,1
University of Alicante,801,,653,727,727.0,2
Addis Ababa University,771,,685,728,728.0,2
"University of Science, Malaysia",,,728,728,728,1
COMSATS University Islamabad,711,,746,728.5,728.5,2
Chongqing University of Posts and Telecommunications,,,731,731,731,1
Universitat Rovira i Virgili,731,,,731,731,1
Université Côte d\'Azur,731,,,731,731,1
Auburn University,951,,513,732,732.0,2
NOVA University Lisbon,,,733,733,733,1
University of Crete,601,,866,733.5,733.5,2
Beijing Jiaotong University,901,,566,733.5,733.5,2
University of Extremadura,,,736,736,736,1
Federal University of Parana,,,736,736,736,1
University of Brasília,,,736,736,736,1
University of Vermont,1001,,473,737,737.0,2
Chonnam National University,851,,623,737,737.0,2
The University of Texas at San Antonio,,,739,739,739,1
Hubei University,,,741,741,741,1
University of Westminster,741,,,741,741,1
Universidad de Montevideo (UM),741,,,741,741,1
Northumbria University,,,741,741,741,1
V. N. Karazin Kharkiv National University,741,,,741,741,1
Universität Regensburg,741,,,741,741,1
Universiti Malaysia Pahang,741,,,741,741,1
University of the West of England,741,,,741,741,1
Vytautas Magnus University,741,,,741,741,1
Altai State University,741,,,741,741,1
Victoria University ,741,,,741,741,1
Universidad Católica Andres Bello,741,,,741,741,1
National Chung Hsing University,661,,823,742,742.0,2
Anhui Agricultural University,,,743,743,743,1
Warsaw University of Technology,527,,959,743,743.0,2
Wayne State University,791,,696,743.5,743.5,2
University of Alcala,,,744,744,744,1
Northwest University (China),1001,,488,744.5,744.5,2
Umm Al-Qura University ,559,,931,745,745.0,2
Koc University,,,746,746,746,1
Georgia State University,851,,642,746.5,746.5,2
Hohai University,1001,,493,747,747.0,2
Scuola Normale Superiore - Pisa,,,748,748,748,1
Istanbul University Cerrahpasa,,,750,750,750,1
Shantou University,,,750,750,750,1
Kansas State University ,851,,649,750,750.0,2
University of the Balearic Islands,,,750,750,750,1
Utah State University ,1001,,500,750.5,750.5,2
Instituto Tecnológico Autónomo de México (ITAM),751,,,751,751,1
Harbin Engineering University,1001,,501,751,751.0,2
Universidade de Brasília,751,,,751,751,1
Technische Universität Braunschweig,751,,,751,751,1
Kaunas University of Technology,751,,,751,751,1
Universita' Politecnica delle Marche,751,,,751,751,1
University of Malta,751,,,751,751,1
University of Engineering & Technology (UET) Lahore,751,,,751,751,1
University of South China,,,754,754,754,1
University of Windsor,547,,961,754,754.0,2
University of Hohenheim,601,,910,755.5,755.5,2
"University of Maryland, Baltimore County",771,,740,755.5,755.5,2
Northern Arizona University,1001,,513,757,757.0,2
Gachon University,,,759,759,759,1
Yeungnam University ,951,,569,760,760.0,2
China Pharmaceutical University,,,761,761,761,1
"Adam Mickiewicz University, Pozna?",761,,,761,761,1
Bangladesh University of Engineering and Technology,761,,,761,761,1
"University of Colorado, Denver ",761,,,761,761,1
Paris-East Créteil University,,,761,761,761,1
Konkuk University ,721,,801,761,761.0,2
University of Parma,951,,572,761.5,761.5,2
Federal University of Santa Maria,,,763,763,763,1
Xuzhou Medical University,,,765,765,765,1
Wuhan University of Science and Technology,,,765,765,765,1
National Central University,641,,889,765,765.0,2
Shanxi Medical University,,,767,767,767,1
Soochow University (Taiwan),1401,,134,767.5,767.5,2
University of Jinan,,,768,768,768,1
University of Portsmouth,631,,907,769,769.0,2
Army Medical University,,,769,769,769,1
University of Modena and Reggio Emilia,721,,818,769.5,769.5,2
Université de Tunis El Manar,771,,,771,771,1
Universidad del Rosario,771,,,771,771,1
Bournemouth University,771,,,771,771,1
Holy Spirit University of Kaslik ,771,,,771,771,1
Colegio de México,771,,,771,771,1
University of Pecs,771,,,771,771,1
Verona University,771,,,771,771,1
King Fahd University of Petroleum and Minerals,,,772,772,772,1
Xiangtan University,,,775,775,775,1
Hebei Medical University,,,775,775,775,1
Saveetha Institute of Medical and Technical Sciences (deemed to be university),951,,601,776,776.0,2
West Virginia University,1001,,551,776,776.0,2
Ankara University,,,779,779,779,1
Ajou University ,631,,928,779.5,779.5,2
Polytechnic University of Catalonia,,,780,780,780,1
University of Sherbrooke,,,780,780,780,1
Kitasato University,,,780,780,780,1
"City St George’s, University of London",,,780,780,780,1
Universidad de Belgrano,781,,,781,781,1
Universidade Federal de Santa Catarina ,781,,,781,781,1
Babes-Bolyai University,781,,,781,781,1
Zurich University of Applied Sciences (ZHAW),781,,,781,781,1
The New School,781,,,781,781,1
University of Latvia,781,,,781,781,1
Kasetsart University,781,,,781,781,1
University of Mons ,781,,,781,781,1
National University of Uzbekistan,781,,,781,781,1
Lulea University of Technology,,,784,784,784,1
Henan Normal University,,,787,787,787,1
Tiangong University,,,787,787,787,1
University of Palermo,851,,725,788,788.0,2
University of Cantabria,,,790,790,790,1
Keele University ,791,,,791,791,1
University of New Mexico,791,,,791,791,1
Alfaisal University,791,,,791,791,1
Universidad de Antioquia,791,,,791,791,1
Chungnam National University,851,,731,791,791.0,2
Ivane Javakhishvili Tbilisi State University,791,,,791,791,1
Sechenov University,791,,,791,791,1
Federal University of Sao Paulo,,,793,793,793,1
SUNY Downstate Health Sciences University,,,794,794,794,1
The University of Waikato,,,794,794,794,1
Tokyo University of Science,751,,838,794.5,794.5,2
Old Dominion University,,,796,796,796,1
University of Lleida,,,796,796,796,1
Australian Catholic University,901,,693,797,797.0,2
University of New Brunswick,681,,915,798,798.0,2
San Diego State University,1001,,596,798.5,798.5,2
University of Murcia,901,,696,798.5,798.5,2
AGH University of Krakow,,,800,800,800,1
Edinburgh Napier University,801,,,801,801,1
Università degli Studi di Perugia,801,,,801,801,1
Al-Ahliyya Amman University,801,,,801,801,1
Universitas Brawijaya ,801,,,801,801,1
Asia University Taiwan,801,,,801,801,1
Ankara Üniversitesi,801,,,801,801,1
Universidad Anáhuac México,801,,,801,801,1
Pontificia Universidad Católica de Valparaíso,801,,,801,801,1
Belarusian National Technical University (BNTU),801,,,801,801,1
Universität Rostock,801,,,801,801,1
Jouf University,801,,,801,801,1
Universidad San Francisco de Quito (USFQ),801,,,801,801,1
Universidad Iberoamericana IBERO,801,,,801,801,1
University of Stavanger,801,,,801,801,1
London South Bank University,801,,,801,801,1
Universiti Tunku Abdul Rahman (UTAR),801,,,801,801,1
TU Dortmund University,801,,,801,801,1
Instituto Politécnico Nacional (IPN),801,,,801,801,1
University of Baghdad,801,,,801,801,1
Immanuel Kant Baltic Federal University,801,,,801,801,1
Khoja Akhmet Yassawi International Kazakh-Turkish University,801,,,801,801,1
University of Hyderabad,801,,,801,801,1
Budapest University of Technology and Economics,721,,881,801,801.0,2
University of Petroleum and Energy Studies (UPES),801,,,801,801,1
"Birla Institute of Technology and Science, Pilani",801,,,801,801,1
Universität Duisburg-Essen,801,,,801,801,1
Gda?sk University of Technology,801,,,801,801,1
Toronto Metropolitan University,801,,,801,801,1
University of Brighton,801,,,801,801,1
Philipps-Universität Marburg ,801,,,801,801,1
Université de Lorraine,801,,,801,801,1
University of Bucharest,801,,,801,801,1
Kuwait University,801,,,801,801,1
"National Technical University of Ukraine ""Igor Sikorsky Kyiv Polytechnic Institute""",801,,,801,801,1
Shahid Beheshti University of Medical Sciences,,,802,802,802,1
New York University Abu Dhabi,,,802,802,802,1
Syracuse University,801,,805,803,803.0,2
Shanghai University of Traditional Chinese Medicine,,,804,804,804,1
Lehigh University,641,,967,804,804.0,2
University of North Texas,1001,,608,804.5,804.5,2
Manipal Academy of Higher Education,,,807,807,807,1
Ural Federal University,,,807,807,807,1
Chengdu University,,,807,807,807,1
King Faisal University,761,,854,807.5,807.5,2
New Jersey Institute of Technology (NJIT),791,,828,809.5,809.5,2
The Catholic University of Korea ,801,,818,809.5,809.5,2
Dongguk University ,701,,918,809.5,809.5,2
Heilongjiang University,,,810,810,810,1
Sichuan Agricultural University,,,810,810,810,1
Anhui Normal University,,,810,810,810,1
North-West University,851,,770,810.5,810.5,2
Oklahoma State University ,851,,770,810.5,810.5,2
University of Messina (UniME),751,,873,812,812.0,2
University of Louisville,1001,,625,813,813.0,2
Federal University of Vicosa,,,814,814,814,1
Guangzhou University of Chinese Medicine,,,815,815,815,1
Federal University of Sao Carlos,,,815,815,815,1
Beijing University of Posts and Telecommunications,901,,729,815,815.0,2
University of Malaga,,,818,818,818,1
Clemson University,951,,691,821,821.0,2
Free University of Bozen-Bolzano,661,,984,822.5,822.5,2
University of Toledo,1001,,645,823,823.0,2
Mississippi State University,1001,,645,823,823.0,2
The Education University of Hong Kong,,,824,824,824,1
"Montana State University, Bozeman",,,824,824,824,1
Mansoura University,951,,698,824.5,824.5,2
Dongguan University of Technology,,,827,827,827,1
University of Calabria,901,,754,827.5,827.5,2
Capital Normal University,,,828,828,828,1
National University of Colombia,,,830,830,830,1
Xi'an University of Architecture and Technology,,,831,831,831,1
University of New Hampshire,1001,,664,832.5,832.5,2
University of Magdeburg,,,833,833,833,1
Augusta University,,,833,833,833,1
University of Oklahoma Health Sciences Center,,,835,835,835,1
University of Antioquia,,,835,835,835,1
Qassim University,781,,890,835.5,835.5,2
University of Wyoming,1001,,670,835.5,835.5,2
Shenyang Pharmaceutical University,,,837,837,837,1
Shandong Normal University,,,840,840,840,1
University of Cagliari,,,840,840,840,1
Maynooth University,801,,880,840.5,840.5,2
Baylor University,1001,,682,841.5,841.5,2
University Putra Malaysia,,,843,843,843,1
University of Versailles Saint-Quentin-en-Yvelines,,,845,845,845,1
Zhejiang A&F University,,,847,847,847,1
University of Alaska Fairbanks,801,,897,849,849.0,2
Brigham Young University,1001,,699,850,850.0,2
Clarkson University,851,,,851,851,1
Université du Québec,851,,,851,851,1
"Vietnam National University, Hanoi ",851,,,851,851,1
Mendel University in Brno,851,,,851,851,1
Gulf University for Science and Technology,851,,,851,851,1
Universidad de Valladolid,851,,,851,851,1
Changsha University of Science & Technology,,,851,851,851,1
Thapar Institute of Engineering & Technology,851,,,851,851,1
Shahid Beheshti University (SBU),851,,,851,851,1
University at Albany SUNY,851,,,851,851,1
UNIVERSITY OF GDANSK,851,,,851,851,1
Technological University Dublin,851,,,851,851,1
Poznan University of Life Sciences,851,,,851,851,1
Pavol Jozef Šafárik University in Košice,851,,,851,851,1
University of Lincoln,851,,,851,851,1
Karaganda State Technical University,851,,,851,851,1
University of Santo Tomas,851,,,851,851,1
University of Mississippi,851,,,851,851,1
Universidad ORT Uruguay,851,,,851,851,1
Swarthmore College,851,,,851,851,1
University of South Africa,851,,851,851,851.0,2
Vilnius Gediminas Technical University,851,,,851,851,1
University Duesseldorf,851,,,851,851,1
Universita' degli Studi di Ferrara,851,,,851,851,1
Yildiz Technical University,851,,,851,851,1
AGH University of Science and Technology,851,,,851,851,1
Jamia Millia Islamia,851,,,851,851,1
Kyrgyz Russian Slavic University,851,,,851,851,1
Applied Science Private University - Jordan,851,,,851,851,1
University of Dubai,851,,,851,851,1
Al-Quds University,851,,,851,851,1
Charles Sturt University ,851,,,851,851,1
CY Cergy Paris University,851,,,851,851,1
Université de Sherbrooke,851,,,851,851,1
Université de Nantes,851,,,851,851,1
University of Wroclaw,851,,,851,851,1
Northwest Agriculture and Forestry University,851,,,851,851,1
University of Hertfordshire,851,,854,852.5,852.5,2
Czech University of Life Sciences Prague,,,853,853,853,1
Southern Methodist University,1001,,708,854.5,854.5,2
Nagasaki University,851,,861,856,856.0,2
The University of Texas at El Paso,,,857,857,857,1
Skolkovo Institute of Science and Technology,,,858,858,858,1
North China University of Water Resources and Electric Power,,,859,859,859,1
Qingdao Agricultural University,,,859,859,859,1
Kangwon National University ,1001,,722,861.5,861.5,2
"The Graduate University for Advanced Studies, SOKENDAI",,,862,862,862,1
Kanazawa University,901,,824,862.5,862.5,2
University of Kassel,,,864,864,864,1
University of Calcutta,751,,979,865,865.0,2
The Royal Veterinary College,,,866,866,866,1
Yangtze University,,,866,866,866,1
Guangxi Medical University,,,866,866,866,1
Chungbuk National University,1001,,733,867,867.0,2
University of Patras,761,,973,867,867.0,2
Rutgers University–Newark,801,,933,867,867.0,2
University of Jaen,,,870,870,870,1
North University of China,,,870,870,870,1
Hallym University ,951,,790,870.5,870.5,2
University of Nebraska Medical Center,,,874,874,874,1
Kent State University,1001,,749,875,875.0,2
Cranfield University,,,876,876,876,1
INSA Toulouse,,,877,877,877,1
The University of Texas at Arlington,1001,,754,877.5,877.5,2
Yantai University,,,881,881,881,1
Al-Azhar University,1001,,763,882,882.0,2
University Savoie Mont Blanc,,,884,884,884,1
University of Poitiers,,,887,887,887,1
Bielefeld University,1001,,777,889,889.0,2
Dalian Medical University,,,893,893,893,1
University of Vigo,,,894,894,894,1
Comenius University in Bratislava,,,894,894,894,1
Shinshu University ,1001,,787,894,894.0,2
Taiyuan University of Science and Technology,,,894,894,894,1
University of Girona,,,897,897,897,1
Iran University of Medical Sciences,,,900,900,900,1
"Universidad Central ""Marta Abreu"" de Las Villas",901,,,901,901,1
Louisiana State University,901,,,901,901,1
Universidade de Vigo,901,,,901,901,1
Shaanxi University of Science & Technology,,,901,901,901,1
"University of Alabama, Birmingham",901,,,901,901,1
South Ural State University (National Research University),901,,,901,901,1
University of East London,901,,,901,901,1
University of Nairobi,901,,,901,901,1
Universidad Nacional Mayor de San Marcos,901,,,901,901,1
Universidad Externado de Colombia ,901,,,901,901,1
National Research Saratov State University,901,,,901,901,1
Yerevan State University,901,,,901,901,1
University Paris 2 Panthéon-Assas,901,,,901,901,1
University of Peshawar,901,,,901,901,1
Princess Sumaya University for Technology,901,,,901,901,1
Robert Gordon University,901,,,901,901,1
Viet Nam National University Ho Chi Minh City (VNU-HCM),901,,,901,901,1
Università degli studi Roma Tre,901,,,901,901,1
Università degli Studi della Tuscia (University of Tuscia),901,,,901,901,1
Makerere University,901,,,901,901,1
German Jordanian University,901,,,901,901,1
Catania University,901,,,901,901,1
Karaganda Buketov University,901,,,901,901,1
University of Hail,901,,,901,901,1
Worcester Polytechnic Institute,901,,,901,901,1
Kyrgyz-Turkish Manas University,901,,,901,901,1
Georgian Technical University,901,,,901,901,1
Universidad Nacional de Córdoba - UNC,901,,,901,901,1
Gazi Üniversitesi,901,,,901,901,1
University of Lodz,901,,,901,901,1
Future University in Egypt,901,,,901,901,1
North South University,901,,,901,901,1
Universidade Católica Portuguesa - UCP,901,,,901,901,1
Ritsumeikan Asia Pacific University,901,,,901,901,1
Imam Mohammad Ibn Saud Islamic University – IMSIU,901,,,901,901,1
University of Maribor,901,,,901,901,1
Universidad EAFIT,901,,,901,901,1
Universidad Pontificia Bolivariana ,901,,,901,901,1
University of Salford,901,,,901,901,1
Universidad Católica del Uruguay (UCU),901,,,901,901,1
"Manipal Academy of Higher Education, Manipal, Karnataka, India",901,,,901,901,1
University of Chieti-Pescara,,,902,902,902,1
University of Wuppertal,,,902,902,902,1
Kaohsiung Medical University,,,902,902,902,1
University of Ghana,851,,954,902.5,902.5,2
Ohio University,1001,,805,903,903.0,2
Yokohama City University,901,,905,903,903.0,2
Jaume I University,,,905,905,905,1
Adam Mickiewicz University,,,907,907,907,1
Gansu Agricultural University,,,907,907,907,1
University of Picardie Jules Verne,,,910,910,910,1
The Islamia University of Bahawalpur,,,910,910,910,1
Federal University of Ceara,,,914,914,914,1
Orebro University,,,915,915,915,1
Federal University of Pernambuco,,,919,919,919,1
University of Arkansas for Medical Sciences,,,919,919,919,1
Roma Tre University,,,919,919,919,1
Tokyo University of Agriculture and Technology ,851,,988,919.5,919.5,2
Amherst College,,,923,923,923,1
Michigan Technological University,901,,946,923.5,923.5,2
University of Tennessee Health Science Center,,,924,924,924,1
Henan Polytechnic University,,,924,924,924,1
University of Rhode Island ,1001,,850,925.5,925.5,2
Hainan Medical University,,,926,926,926,1
Lingnan University,,,926,926,926,1
Kunming Medical University,,,928,928,928,1
Stockholm School of Economics,,,930,930,930,1
Hassan II University of Casablanca,,,932,932,932,1
Xi'an Jiaotong Liverpool University,1001,,864,932.5,932.5,2
Huaqiao University,,,933,933,933,1
Wroclaw University of Science and Technology (WRUST),901,,965,933,933.0,2
University of Regina,951,,915,933,933.0,2
Shandong University of Technology,,,938,938,938,1
China Jiliang University,,,938,938,938,1
Gyeongsang National University,,,938,938,938,1
Gazi University,,,938,938,938,1
North Dakota State University,,,942,942,942,1
Hunan Agricultural University,,,942,942,942,1
"University of Missouri, Kansas City",1001,,884,942.5,942.5,2
EGE UNIVERSITY,1001,,884,942.5,942.5,2
Southwestern University of Finance and Economics,,,944,944,944,1
University of Eastern Piedmont,,,944,944,944,1
Southwest University of Science and Technology,,,946,946,946,1
Hangzhou City University,,,946,946,946,1
University of the Sunshine Coast ,1001,,891,946,946.0,2
Nicolaus Copernicus University ,901,,992,946.5,946.5,2
Henan Agricultural University,,,949,949,949,1
Kumamoto University,951,,949,950,950.0,2
Universidad Autónoma Metropolitana (UAM),951,,,951,951,1
Liaocheng University,,,951,951,951,1
Indian Institute of Technology Bhubaneswar,951,,,951,951,1
Khon Kaen University,951,,,951,951,1
Universidad Torcuato Di Tella,951,,,951,951,1
Universidad Nacional de Rosario (UNR),951,,,951,951,1
University of South Bohemia,951,,,951,951,1
Riga Stradins University,951,,,951,951,1
Yarmouk University,951,,,951,951,1
The University of Lahore,951,,,951,951,1
Pontificia Universidad Católica del Ecuador (PUCE),951,,,951,951,1
"Queen Margaret University , Edinburgh",951,,,951,951,1
Universidad Técnica Federico Santa María (USM),951,,,951,951,1
Universidad de San Andrés - UdeSA,951,,,951,951,1
Financial University under the Government of the Russian Federation,951,,,951,951,1
Universidad de La Sabana,951,,,951,951,1
Université Toulouse 1 Capitole,951,,,951,951,1
Sophia University ,951,,,951,951,1
University of Denver,951,,,951,951,1
Southwest Medical University,,,951,951,951,1
Prince of Songkla University,951,,,951,951,1
S.D. Asfendiyarov Kazakh National Medical University,951,,,951,951,1
Almaty Technological University,951,,,951,951,1
Ferdowsi University of Mashhad,951,,,951,951,1
Universiti Pendidikan Sultan Idris (UPSI),951,,,951,951,1
Universidad de los Andes - Chile,951,,,951,951,1
The University of Alabama,951,,,951,951,1
Clark University,951,,,951,951,1
Bina Nusantara University (BINUS),951,,,951,951,1
Athens University of Economics and Business,951,,,951,951,1
Baku State University,951,,,951,951,1
Northern Borders University,951,,,951,951,1
University of the Western Cape,951,,,951,951,1
University of Bahrain,951,,,951,951,1
King Mongkut's University of Technology Thonburi ,951,,,951,951,1
Southern Federal University,951,,,951,951,1
Niigata University,951,,,951,951,1
Instituto Tecnológico de Buenos Aires (ITBA),951,,,951,951,1
Xi'an University of Science and Technology,,,951,951,951,1
Université Sorbonne Paris Nord,951,,,951,951,1
Universidad de León,951,,,951,951,1
D. Serikbayev East Kazakhstan state technical university,951,,,951,951,1
St. Louis University,951,,,951,951,1
Universidad de Córdoba - España,951,,,951,951,1
University of Colombo,951,,,951,951,1
Rhodes University ,951,,,951,951,1
University of Castilla-La Mancha,,,954,954,954,1
University of Lahore,,,956,956,956,1
University of Cordoba,,,956,956,956,1
Linnaeus University,,,956,956,956,1
Hebei Normal University,,,960,960,960,1
Hamburg University of Technology,,,962,962,962,1
The Open University,,,963,963,963,1
University of Las Palmas de Gran Canaria,,,965,965,965,1
University of Central Lancashire,951,,979,965,965.0,2
Banaras Hindu University,1001,,933,967,967.0,2
Federal University of Pelotas,,,969,969,969,1
Shihezi University,,,969,969,969,1
Jazan University,,,971,971,971,1
Carlos III University of Madrid,,,972,972,972,1
Federal University of Bahia,,,973,973,973,1
Anhui University of Science & Technology,,,973,973,973,1
Juntendo University,,,973,973,973,1
RCSI University of Medicine and Health Sciences,,,977,977,977,1
Chengdu University of Traditional Chinese Medicine,,,977,977,977,1
Ningxia University,,,979,979,979,1
Al-Imam Mohammad Ibn Saud Islamic University,,,982,982,982,1
Tokushima University,1001,,967,984,984.0,2
University of Beira Interior,,,985,985,985,1
Rio de Janeiro State University,,,985,985,985,1
University of Cadiz,,,988,988,988,1
Jilin Agricultural University,,,988,988,988,1
Kindai University (Kinki University),1201,,777,989,989.0,2
Hangzhou Medical College,,,993,993,993,1
Loyola University Chicago,1001,,985,993,993.0,2
Copenhagen Business School,,,994,994,994,1
Marmara University,1001,,988,994.5,994.5,2
Central University of Finance and Economics,,,997,997,997,1
Zhongnan University of Economics and Law,,,999,999,999,1
Nanjing University of Finance & Economics,,,1000,1000,1000,1
"Siberian Federal University, SibFU",1001,,,1001,1001,1
Guru Gobind Singh Indraprastha University,1001,,,1001,1001,1
Rochester Institute of Technology (RIT),1001,,,1001,1001,1
London Metropolitan University,1001,,,1001,1001,1
Gunma University,1001,,,1001,1001,1
Universidad Tecnológica Nacional (UTN),1001,,,1001,1001,1
University of Žilina,1001,,,1001,1001,1
Universiti Tun Hussein Onn University of Malaysia (UTHM),1001,,,1001,1001,1
Saint Petersburg Electrotechnical University ETU-LETI,1001,,,1001,1001,1
Kazakh-British Technical University,1001,,,1001,1001,1
National Chung Cheng University,1001,,,1001,1001,1
University of Wolverhampton,1001,,,1001,1001,1
University of Texas El Paso ,1001,,,1001,1001,1
Multimedia University (MMU),1001,,,1001,1001,1
Universidad del Pacífico,1001,,,1001,1001,1
Universidad de Guadalajara (UDG),1001,,,1001,1001,1
Universidad de La Frontera (UFRO),1001,,,1001,1001,1
Pozna? University of Technology,1001,,,1001,1001,1
Universidade Federal do Paraná - UFPR,1001,,,1001,1001,1
Kagoshima University,1001,,,1001,1001,1
Cracow University of Technology (Politechnika Krakowska),1001,,,1001,1001,1
University of Arkansas Fayetteville ,1001,,,1001,1001,1
University of North Carolina at Charlotte,1001,,,1001,1001,1
Sungshin Women's University,1001,,,1001,1001,1
Universidad de Los Andes - (ULA) Mérida,1001,,,1001,1001,1
Universidad Nacional de San Luis,1001,,,1001,1001,1
Tokyo Metropolitan University,1001,,,1001,1001,1
Tallinn University ,1001,,,1001,1001,1
Universidad Rey Juan Carlos,1001,,,1001,1001,1
National University of Kyiv-Mohyla Academy (NaUKMA),1001,,,1001,1001,1
Université de Tunis,1001,,,1001,1001,1
University of Ioannina,1001,,,1001,1001,1
Narxoz University,1001,,,1001,1001,1
Universidade da Coruña ,1001,,,1001,1001,1
O.P. Jindal Global University,1001,,,1001,1001,1
Birmingham City University ,1001,,,1001,1001,1
SRM INSTITUTE OF SCIENCE AND TECHNOLOGY,1001,,,1001,1001,1
Howard University,1001,,,1001,1001,1
Università degli Studi di Udine,1001,,,1001,1001,1
Chung Yuan Christian University,1001,,,1001,1001,1
Universidade Federal Fluminense ,1001,,,1001,1001,1
Corvinus University of Budapest,1001,,,1001,1001,1
Gebze Technical University (GTU),1001,,,1001,1001,1
University of Idaho,1001,,,1001,1001,1
Silesian University of Technology,1001,,,1001,1001,1
Slovak University of Agriculture in Nitra,1001,,,1001,1001,1
Dankook University ,1001,,,1001,1001,1
Slovak University of Technology in Bratislava,1001,,,1001,1001,1
University of Sarajevo ,1001,,,1001,1001,1
Universidade Federal de São Carlos (UFSCar),1001,,,1001,1001,1
Universidad Diego Portales (UDP),1001,,,1001,1001,1
Universidad Autónoma Chapingo,1001,,,1001,1001,1
Binghamton University SUNY,1001,,,1001,1001,1
Universidad Autónoma de Nuevo León,1001,,,1001,1001,1
University of Hradec Kralove,1001,,,1001,1001,1
Universidad Autónoma del Estado de México (UAEMex),1001,,,1001,1001,1
Universidad del Valle,1001,,,1001,1001,1
Islamic University of Madinah,1001,,,1001,1001,1
Universidad ICESI,1001,,,1001,1001,1
Universitat de Lleida,1001,,,1001,1001,1
Kyushu Institute of Technology ,1001,,,1001,1001,1
Glasgow Caledonian University,1001,,,1001,1001,1
University of Seoul ,1001,,,1001,1001,1
University of Novi Sad,1001,,,1001,1001,1
International Christian University,1001,,,1001,1001,1
Aligarh Muslim University,1001,,,1001,1001,1
Universidad de Lima,1001,,,1001,1001,1
Universidade Federal de Pernambuco (UFPE) ,1001,,,1001,1001,1
Sohar University,1001,,,1001,1001,1
Russian Presidential Academy of National Economy and Public Administration,1001,,,1001,1001,1
University of Massachusetts Boston,1001,,,1001,1001,1
Amity University,1001,,,1001,1001,1
Mykolas Romeris University,1001,,,1001,1001,1
Panjab University,1001,,,1001,1001,1
Universidad de Oviedo,1001,,,1001,1001,1
Escuela Superior Politécnica del Litoral (ESPOL),1001,,,1001,1001,1
Azerbaijan State University of Economics,1001,,,1001,1001,1
Telkom University,1001,,,1001,1001,1
Gifu University,1001,,,1001,1001,1
Paul Valéry University Montpellier,1001,,,1001,1001,1
"National Technical University ""Kharkiv Polytechnic Institute""",1001,,,1001,1001,1
University of Warmia and Mazury in Olsztyn,1001,,,1001,1001,1
University of New England Australia,1001,,,1001,1001,1
University of Karachi,1001,,,1001,1001,1
University of the Free State,1001,,,1001,1001,1
Mutah University,1001,,,1001,1001,1
Warsaw University of Life Sciences – SGGW (WULS-SGGW),1001,,,1001,1001,1
Universidad de las Américas Puebla (UDLAP),1001,,,1001,1001,1
Universitas Hasanuddin,1001,,,1001,1001,1
Technical University of Kosice,1001,,,1001,1001,1
Universidad Nacional de la Asunción,1001,,,1001,1001,1
VSB - Technical University of Ostrava,1001,,,1001,1001,1
University of Deusto,1001,,,1001,1001,1
Università del Salento,1001,,,1001,1001,1
Sumy State University,1001,,,1001,1001,1
Sheffield Hallam University,1001,,,1001,1001,1
Université Mohammed V de Rabat,1001,,,1001,1001,1
University of Texas at San Antonio,1001,,,1001,1001,1
"ITESO, Universidad Jesuita de Guadalajara",1001,,,1001,1001,1
Universidad de Puerto Rico,1001,,,1001,1001,1
Lodz University of Technology,1001,,,1001,1001,1
Université Paris-Nanterre,1001,,,1001,1001,1
Chang Jung Christian University,1001,,,1001,1001,1
"Arab Academy for Science, Technology and Maritime Transport",1001,,,1001,1001,1
Université de Sfax,1001,,,1001,1001,1
Soonchunhyang University,1001,,,1001,1001,1
Amrita Vishwa Vidyapeetham,1001,,,1001,1001,1
University of Naples Parthenope,1001,,,1001,1001,1
Université de Toulouse II-Le Mirail,1001,,,1001,1001,1
Fordham University ,1001,,,1001,1001,1
Université de Sousse,1001,,,1001,1001,1
College of William and Mary,1001,,,1001,1001,1
Universidad de Castilla-La Mancha,1001,,,1001,1001,1
Universidad de Talca,1001,,,1001,1001,1
Universidad Nacional de Cuyo,1001,,,1001,1001,1
Pontifícia Universidade Católica de São Paulo,1001,,,1001,1001,1
NJSC KIMEP University,1001,,,1001,1001,1
Universitas Sebelas Maret,1001,,,1001,1001,1
Széchenyi István University,1001,,,1001,1001,1
Universidad Tecnológica de Panamá (UTP),1001,,,1001,1001,1
Tecnológico de Costa Rica -TEC,1001,,,1001,1001,1
The University of Northampton,1001,,,1001,1001,1
International Islamic University Islamabad (IIU),1001,,,1001,1001,1
Canterbury Christ Church University,1001,,,1001,1001,1
Azerbaijan State Oil and Industry University,1001,,,1001,1001,1
Samara National Research University (Samara University),1001,,,1001,1001,1
BRAC University,1001,,,1001,1001,1
Lobachevsky University,1001,,,1001,1001,1
Université de Poitiers,1001,,,1001,1001,1
Universidad Andrés Bello,1001,,,1001,1001,1
University of Ibadan,1001,,,1001,1001,1
Universidad del Norte ,1001,,,1001,1001,1
Lviv Polytechnic National University,1001,,,1001,1001,1
Universidad Austral de Chile,1001,,,1001,1001,1
Mustansiriyah University,1001,,,1001,1001,1
Saint-Petersburg Mining University,1001,,,1001,1001,1
Assiut University ,1001,,,1001,1001,1
Universiti Malaysia Sarawak (UNIMAS),1001,,,1001,1001,1
An-Najah National University,1001,,,1001,1001,1
Indiana University–Purdue University Indianapolis,1001,,,1001,1001,1
Yokohama National University,1001,,,1001,1001,1
Universiti Malaysia Terengganu (UMT),1001,,,1001,1001,1
"Universita' degli Studi ""G. d'Annunzio"" Chieti Pescara",1001,,,1001,1001,1
University of Khartoum,1001,,,1001,1001,1
Université de Caen Normandie,1001,,,1001,1001,1
University of Tulsa,1001,,,1001,1001,1
Taibah University,1001,,,1001,1001,1
Universidad Simón Bolívar (USB),1001,,,1001,1001,1
Universidad Nacional del Centro de la Provincia de Buenos Aires (UNICEN),1001,,,1001,1001,1
Universidad Peruana Cayetano Heredia (UPCH),1001,,,1001,1001,1
Université Lumière Lyon 2,1001,,,1001,1001,1
Universität Siegen,1001,,,1001,1001,1
Universiti Malaysia Sabah (UMS),1001,,,1001,1001,1
The Hashemite University,1001,,,1001,1001,1
University of Lagos,1001,,,1001,1001,1
Leeds Beckett University,1001,,,1001,1001,1
Hungarian University of Agriculture and Life Sciences,1001,,,1001,1001,1
University of Tabuk,1001,,,1001,1001,1
University of Derby,1001,,,1001,1001,1
University of Wisconsin Milwaukee ,1201,,862,1031.5,1031.5,2
Shanghai Normal University,1401,,674,1037.5,1037.5,2
Brock University,1201,,892,1046.5,1046.5,2
Pukyong National University ,1201,,933,1067,1067.0,2
Zagazig University,1201,,933,1067,1067.0,2
Ataturk University,1201,,964,1082.5,1082.5,2
Shanghai University of Finance and Economics,1201,,996,1098.5,1098.5,2
University of International Business and Economics,1201,,998,1099.5,1099.5,2
Universidade Federal do Rio Grande Do Norte,1201,,,1201,1201,1
Universidad de San Carlos de Guatemala - USAC,1201,,,1201,1201,1
Hanoi University of Science and Technology,1201,,,1201,1201,1
Beijing Foreign Studies University,1201,,,1201,1201,1
Novosibirsk State Technical University,1201,,,1201,1201,1
Pontifícia Universidade Católica do Rio Grande do Sul (PUCRS),1201,,,1201,1201,1
Universidade Federal de Viçosa (UFV),1201,,,1201,1201,1
Kazakh Ablai Khan University of International Relations and World Languages,1201,,,1201,1201,1
Nagoya Institute of Technology (NIT),1201,,,1201,1201,1
Izmir Institute of Technology (IZTECH),1201,,,1201,1201,1
Beijing University of Chinese Medicine,1201,,,1201,1201,1
Universitatea de Vest din Timisoara / West University of Timisoara,1201,,,1201,1201,1
Istanbul Aydin University  ,1201,,,1201,1201,1
Doshisha University,1201,,,1201,1201,1
University of Split,1201,,,1201,1201,1
Central Michigan University,1201,,,1201,1201,1
Universidad de Monterrey (UDEM),1201,,,1201,1201,1
Technical University of Liberec,1201,,,1201,1201,1
OSMANIA UNIVERSITY,1201,,,1201,1201,1
Perm State National Research University,1201,,,1201,1201,1
University of Peradeniya ,1201,,,1201,1201,1
University of Silesia in Katowice,1201,,,1201,1201,1
University of the Pacific,1201,,,1201,1201,1
Chittagong University of Engineering and Technology,1201,,,1201,1201,1
University POLITEHNICA of Bucharest,1201,,,1201,1201,1
Portland State University,1201,,,1201,1201,1
University of Kragujevac,1201,,,1201,1201,1
CUNY The City College of New York,1201,,,1201,1201,1
Rikkyo University,1201,,,1201,1201,1
National Dong Hwa University,1201,,,1201,1201,1
University of San Francisco,1201,,,1201,1201,1
Università degli studi di Bergamo,1201,,,1201,1201,1
Moscow Pedagogical State University,1201,,,1201,1201,1
Universidad Nacional del Litoral,1201,,,1201,1201,1
Kazan National Research Technological University,1201,,,1201,1201,1
Universitas Muhammadiyah Yogyakarta,1201,,,1201,1201,1
Birzeit university,1201,,,1201,1201,1
Vancouver Island University,1201,,,1201,1201,1
Anadolu University,1201,,,1201,1201,1
Instituto Tecnológico de Santo Domingo (INTEC),1201,,,1201,1201,1
Sathyabama Institute of Science and Technology (deemed to be university),1201,,,1201,1201,1
German University in Cairo,1201,,,1201,1201,1
"The National Research University ""Belgorod State University""",1201,,,1201,1201,1
Universidad del Bío-Bío,1201,,,1201,1201,1
Feng Chia University,1201,,,1201,1201,1
Al-Balqa Applied University,1201,,,1201,1201,1
Yogyakarta State University,1201,,,1201,1201,1
Université Jean Moulin Lyon 3,1201,,,1201,1201,1
University of North Carolina at Greensboro,1201,,,1201,1201,1
University of West Bohemia ,1201,,,1201,1201,1
Marquette University,1201,,,1201,1201,1
Benemérita Universidad Autónoma de Puebla,1201,,,1201,1201,1
Hue University,1201,,,1201,1201,1
Shahjalal University of Science and Technology,1201,,,1201,1201,1
Fu Jen Catholic University,1201,,,1201,1201,1
Universitas Pendidikan Indonesia,1201,,,1201,1201,1
Jeju National University ,1201,,,1201,1201,1
Universidad de Las Américas (UDLA) Ecuador,1201,,,1201,1201,1
Universiti Malaysia Perlis,1201,,,1201,1201,1
Universidad Central del Ecuador,1201,,,1201,1201,1
University of Bialystok,1201,,,1201,1201,1
Kyoto Institute of Technology,1201,,,1201,1201,1
University of Miskolc ,1201,,,1201,1201,1
Universidad de Panama,1201,,,1201,1201,1
University of Niš,1201,,,1201,1201,1
University of Primorska,1201,,,1201,1201,1
Tamkang University,1201,,,1201,1201,1
Universidad Nacional de San Martín (UNSAM),1201,,,1201,1201,1
Fundación CEU San Pablo,1201,,,1201,1201,1
University of Kufa,1201,,,1201,1201,1
Kookmin University ,1201,,,1201,1201,1
Western Michigan University,1201,,,1201,1201,1
"Suleyman Demirel University, Kazakhstan",1201,,,1201,1201,1
National Research University Moscow Power Engineering Institute (MPEI),1201,,,1201,1201,1
Toraighyrov University,1201,,,1201,1201,1
Jamia Hamdard,1201,,,1201,1201,1
Universidad Metropolitana,1201,,,1201,1201,1
Yamaguchi University ,1201,,,1201,1201,1
Yuan Ze University,1201,,,1201,1201,1
University of South Alabama (USA),1201,,,1201,1201,1
China University of Political Science and Law,1201,,,1201,1201,1
Suez Canal University,1201,,,1201,1201,1
Pontificia Universidad Catolica Madre y Maestra,1201,,,1201,1201,1
Cleveland State University,1201,,,1201,1201,1
Istanbul Bilgi Üniversitesi,1201,,,1201,1201,1
Khulna University,1201,,,1201,1201,1
"The ""Gheorghe Asachi"" Technical University of Iasi",1201,,,1201,1201,1
Damascus University,1201,,,1201,1201,1
The Josip Juraj Strossmayer University of Osijek,1201,,,1201,1201,1
Universidad de Tarapaca,1201,,,1201,1201,1
British University in Egypt,1201,,,1201,1201,1
Universidad de Piura,1201,,,1201,1201,1
Universidad Nacional de Ingeniería Peru,1201,,,1201,1201,1
University of Pardubice,1201,,,1201,1201,1
King Mongkut's University of Technology North Bangkok,1201,,,1201,1201,1
University of Rzeszów,1201,,,1201,1201,1
University of San Diego,1201,,,1201,1201,1
Universidad Nacional del Sur,1201,,,1201,1201,1
Dokuz Eylül Üniversitesi,1201,,,1201,1201,1
Universidad Nacional de Río Cuarto - UNRC,1201,,,1201,1201,1
"Universidad Nacional, Costa Rica",1201,,,1201,1201,1
Universidad del Zulia,1201,,,1201,1201,1
Universidad Peruana de Ciencias Aplicadas,1201,,,1201,1201,1
The Herzen State Pedagogical University of Russia,1201,,,1201,1201,1
Suleyman Demirel University,1201,,,1201,1201,1
Universidad Católica del Norte,1201,,,1201,1201,1
Jahangirnagar University,1201,,,1201,1201,1
Universidad Autónoma del Estado de Hidalgo (UAEH),1201,,,1201,1201,1
Saitama University,1201,,,1201,1201,1
University of Babylon,1201,,,1201,1201,1
Universidad Nacional de Mar del Plata,1201,,,1201,1201,1
Harper Adams University,1201,,,1201,1201,1
Tomas Bata University in Zlin,1201,,,1201,1201,1
National Taiwan Ocean University,1201,,,1201,1201,1
Seoul National University of Science and Technology,1201,,,1201,1201,1
University of Tyumen,1201,,,1201,1201,1
Daffodil International University,1201,,,1201,1201,1
National Taipei University,1201,,,1201,1201,1
Miami University,1201,,,1201,1201,1
Universidade Presbiteriana Mackenzie,1201,,,1201,1201,1
Kwame Nkrumah University of Science and Technology,1201,,,1201,1201,1
Universidade Federal da Bahia,1201,,,1201,1201,1
Université de Limoges,1201,,,1201,1201,1
Universidade Federal de Juiz de Fora- (UFJF),1201,,,1201,1201,1
Transilvania University of Brasov,1201,,,1201,1201,1
King Mongkut\'s Institute of Technology Ladkrabang,1201,,,1201,1201,1
Technical University of Lublin,1201,,,1201,1201,1
Hongik University ,1201,,,1201,1201,1
Odessa I.I. Mechnikov National University,1201,,,1201,1201,1
Helwan University ,1201,,,1201,1201,1
Universidad Autónoma de Guadalajara (UAG),1201,,,1201,1201,1
Voronezh State University,1201,,,1201,1201,1
Florida Atlantic University - Boca Raton,1201,,,1201,1201,1
Óbuda University,1201,,,1201,1201,1
Universidad de Oriente Santiago de Cuba,1201,,,1201,1201,1
Tokai University,1201,,,1201,1201,1
Sookmyung Women's University ,1201,,,1201,1201,1
Universidade Federal de Pelotas ,1201,,,1201,1201,1
Chaoyang University of Technology,1201,,,1201,1201,1
San Francisco State University,1201,,,1201,1201,1
Pondicherry University,1201,,,1201,1201,1
Escuela Politécnica Nacional,1201,,,1201,1201,1
University of Missouri Saint Louis,1201,,,1201,1201,1
Universidade do Estado do Rio de Janeiro (UERJ),1201,,,1201,1201,1
Chitkara University,1201,,,1201,1201,1
University of Pannonia,1201,,,1201,1201,1
Meiji University,1201,,,1201,1201,1
Shanghai International Studies University,1201,,,1201,1201,1
University of Basrah,1201,,,1201,1201,1
Saken Seifullin Kazakh Agrotechnical University,1201,,,1201,1201,1
Technical University of Cluj-Napoca,1201,,,1201,1201,1
Technische Universität Kaiserslautern,1201,,,1201,1201,1
Youngsan University,1201,,,1201,1201,1
Tunghai University,1201,,,1201,1201,1
Siksha 'O' Anusandhan (Deemed to be University),1201,,,1201,1201,1
Universidad La Salle (ULSA),1201,,,1201,1201,1
Alexandru Ioan Cuza University,1201,,,1201,1201,1
Universiti Kuala Lumpur (UniKL),1201,,,1201,1201,1
Universidad Industrial de Santander - UIS,1201,,,1201,1201,1
Atma Jaya Catholic University Jakarta,1201,,,1201,1201,1
Universidade Federal de Santa Maria,1201,,,1201,1201,1
University of Ostrava,1201,,,1201,1201,1
Tanta University ,1201,,,1201,1201,1
Kharkiv National University of Radio Electronics ,1201,,,1201,1201,1
Universitas Islam Indonesia,1201,,,1201,1201,1
Rajshahi University,1201,,,1201,1201,1
University of Sri Jayewardenepura,1201,,,1201,1201,1
Kenyatta University,1201,,,1201,1201,1
Kyrgyz State Technical University,1201,,,1201,1201,1
University of Memphis,1201,,,1201,1201,1
Suranaree University of Technology ,1201,,,1201,1201,1
Universitas Sumatera Utara,1201,,,1201,1201,1
Belarusian State University of Informatics and Radioelectronics,1201,,,1201,1201,1
Universidad Mayor de San Andrés (UMSA),1201,,,1201,1201,1
Mendeleev University of Chemical Technology,1201,,,1201,1201,1
Aoyama Gakuin University,1201,,,1201,1201,1
Universiti Teknikal Malaysia Melaka,1201,,,1201,1201,1
Universidad Latinoamericana de Ciencia y Tecnología Costa Rica (ULACIT),1201,,,1201,1201,1
Universidad Nacional Agraria la Molina,1201,,,1201,1201,1
University of Rijeka,1201,,,1201,1201,1
Erciyes Üniversitesi,1201,,,1201,1201,1
Seattle University,1201,,,1201,1201,1
Universidad del Desarrollo (UDD),1201,,,1201,1201,1
Khulna University of Engineering and Technology,1201,,,1201,1201,1
Universidad de Valparaíso (UV),1201,,,1201,1201,1
Universidade Federal do Ceará (UFC),1201,,,1201,1201,1
Cukurova University,1201,,,1201,1201,1
Universidad Nacional Autónoma de Honduras (UNAH),1201,,,1201,1201,1
Ivan Franko National University of Lviv,1201,,,1201,1201,1
Universidad del Salvador,1201,,,1201,1201,1
Bahauddin Zakariya University ,1201,,,1201,1201,1
"The University of Notre Dame, Australia",1401,,,1401,1401,1
Pontifícia Universidade Católica do Paraná,1401,,,1401,1401,1
Universidad de Cartagena,1401,,,1401,1401,1
UNIVERSIDAD POLITECNICA SALESIANA,1401,,,1401,1401,1
Universidad Nacional del Comahue,1401,,,1401,1401,1
"Indian Institute of Information Technology, Allahabad",1401,,,1401,1401,1
Universidad Autonoma de Yucatan,1401,,,1401,1401,1
M.Kh. Dulaty Taraz Regional University,1401,,,1401,1401,1
"University Politehnica of Timisoara, UPT",1401,,,1401,1401,1
Universidad Autónoma de Chile,1401,,,1401,1401,1
Universidad Popular Autónoma del Estado de Puebla (UPAEP),1401,,,1401,1401,1
Universidade do Estado de Santa Catarina,1401,,,1401,1401,1
Universidad Autónoma de San Luis de Potosí,1401,,,1401,1401,1
Universidad Nacional de Tucumán,1401,,,1401,1401,1
Universidad de Caldas,1401,,,1401,1401,1
Universidad Católica de La Santísima Concepción - UCSC,1401,,,1401,1401,1
Nova Southeastern University,1401,,,1401,1401,1
University of Mataram,1401,,,1401,1401,1
Universidade Federal da Paraíba,1401,,,1401,1401,1
Irkutsk State University,1401,,,1401,1401,1
Universidad de La Salle,1401,,,1401,1401,1
Universidad de Carabobo,1401,,,1401,1401,1
Universidade Federal de Goiás,1401,,,1401,1401,1
California State University - Los Angeles,1401,,,1401,1401,1
Naresuan University,1401,,,1401,1401,1
Stamford University Bangladesh,1401,,,1401,1401,1
Korkyt Ata Kyzylorda University,1401,,,1401,1401,1
Universidad de las Fuerzas Armadas ESPE (Ex - Escuela Politécnica del Ejército),1401,,,1401,1401,1
Universidad del Valle de Mexico (UVM),1401,,,1401,1401,1
"Universidad Tecnológica de la Habana José Antonio Echeverría, Cujae",1401,,,1401,1401,1
Russian State University for the Humanities ,1401,,,1401,1401,1
Universidad Católica de Temuco,1401,,,1401,1401,1
Universidad de Cuenca,1401,,,1401,1401,1
Silpakorn University,1401,,,1401,1401,1
University of Craiova,1401,,,1401,1401,1
Universidade Federal do Parà - UFPA,1401,,,1401,1401,1
Universidad Autónoma del Estado de Morelos (UAEM),1401,,,1401,1401,1
Universitas Muhammadiyah Surakarta,1401,,,1401,1401,1
Universidad Autónoma de Querétaro (UAQ),1401,,,1401,1401,1
"California State University, Long Beach",1401,,,1401,1401,1
Universidad de Santander - UDES,1401,,,1401,1401,1
Illinois State University,1401,,,1401,1401,1
Universidad de Medellín,1401,,,1401,1401,1
University of Oradea,1401,,,1401,1401,1
Universidad de La Serena,1401,,,1401,1401,1
Stefan cel Mare University of Suceava,1401,,,1401,1401,1
California Polytechnic State University,1401,,,1401,1401,1
East West University,1401,,,1401,1401,1
Western Washington University,1401,,,1401,1401,1
Pontifícia Universidade Católica de Minas Gerais – PUC Minas,1401,,,1401,1401,1
Soongsil University,1401,,,1401,1401,1
Universitas Andalas,1401,,,1401,1401,1
State University of Malang,1401,,,1401,1401,1
Universidad del Cauca,1401,,,1401,1401,1
Universidade Estadual de Londrina,1401,,,1401,1401,1
Lucian Blaga University of Sibiu,1401,,,1401,1401,1
Pontificia Universidade Católica do Campinas - PUC Campinas,1401,,,1401,1401,1
Universidad Michoacana de San Nicolás de Hidalgo,1401,,,1401,1401,1
Moscow City University,1401,,,1401,1401,1
Indiana State University,1401,,,1401,1401,1
Universiti Sains Islam Malaysia,1401,,,1401,1401,1
Universidad San Ignacio de Loyola,1401,,,1401,1401,1
Universidad de Córdoba - Colombia,1401,,,1401,1401,1
Sakarya University,1401,,,1401,1401,1
University of Montana Missoula ,1401,,,1401,1401,1
Russian State Agrarian University - Moscow Timiryazev Agricultural Academy,1401,,,1401,1401,1
University of Lampung,1401,,,1401,1401,1
Universidade Federal de Uberlândia,1401,,,1401,1401,1
MIREA - Russian Technological University,1401,,,1401,1401,1
 Don State Technical University,1401,,,1401,1401,1
Universidade Federal do Estado do Rio de Janeiro - UNIRIO,1401,,,1401,1401,1
Universidad Central de Chile,1401,,,1401,1401,1
"Universidad Católica Boliviana ""San Pablo""",1401,,,1401,1401,1
Católica de Córdoba,1401,,,1401,1401,1
Universidad Veracruzana,1401,,,1401,1401,1
Universidad Tecnológica de Pereira,1401,,,1401,1401,1
Universidad de Guanajuato,1401,,,1401,1401,1
Akdeniz Üniversitesi,1401,,,1401,1401,1
Universidad Autónoma de Aguascalientes,1401,,,1401,1401,1
Universitas Kristen Petra,1401,,,1401,1401,1
Universidad Bernardo O'Higgins,1401,,,1401,1401,1
Shibaura Institute of Technology,1401,,,1401,1401,1
University of Central Oklahoma,1401,,,1401,1401,1
United International University,1401,,,1401,1401,1
Universidad Católica de Colombia ,1401,,,1401,1401,1
University of San Carlos,1401,,,1401,1401,1
Udayana University,1401,,,1401,1401,1
National University of Life and Environmental Sciences of Ukraine,1401,,,1401,1401,1
Fundación Universidad De Bogotá-Jorge Tadeo Lozano,1401,,,1401,1401,1
Universidad Católica de Santiago de Guayaquil,1401,,,1401,1401,1
"International University of Business, Agriculture and Technology (IUBAT)",1401,,,1401,1401,1
Universidad Tecnológica de Bolívar,1401,,,1401,1401,1
"National University of Modern Languages (NUML), Islamabad",1401,,,1401,1401,1
Universidad Tecnica Particular De Loja (UTPL),1401,,,1401,1401,1
Universidad Autónoma de Baja California,1401,,,1401,1401,1
Universidad de Sonora,1401,,,1401,1401,1
Universidad Alberto Hurtado,1401,,,1401,1401,1
Humboldt State University,1401,,,1401,1401,1
Universidad Nacional de Quilmes,1401,,,1401,1401,1
Kwansei Gakuin University,1401,,,1401,1401,1
